admission_id,patient_id,admission_timestamp,admission_type,status,presenting_complaint,attending_professional_id
A0001,P001,2025-01-03T07:00:00+00:00,EMERGENCY,COMPLETED,Fever and shortness of breath,H012
A0002,P001,2025-02-17T07:00:00+00:00,EMERGENCY,COMPLETED,Right upper abdominal pain,H012
A0003,P001,2025-04-03T07:00:00+00:00,EMERGENCY,COMPLETED,Severe breathing difficulty,H013
A0004,P001,2025-05-18T07:00:00+00:00,EMERGENCY,COMPLETED,Lower-leg redness and swelling,H012
A0005,P001,2025-07-02T07:00:00+00:00,EMERGENCY,COMPLETED,Fever and shortness of breath,H012
A0006,P002,2025-01-05T07:00:00+00:00,EMERGENCY,COMPLETED,Acute chest discomfort,H023
A0007,P002,2025-02-19T07:00:00+00:00,EMERGENCY,COMPLETED,Hip pain after a fictional fall,H022
A0008,P002,2025-04-05T07:00:00+00:00,EMERGENCY,COMPLETED,Dizziness with reduced fluid intake,H022
A0009,P002,2025-05-20T07:00:00+00:00,EMERGENCY,COMPLETED,Severe abdominal pain with systemic illness,H022
A0010,P002,2025-07-04T07:00:00+00:00,EMERGENCY,COMPLETED,Acute chest discomfort,H023
A0011,P003,2025-01-07T07:00:00+00:00,EMERGENCY,COMPLETED,Right lower abdominal pain,H002
A0012,P003,2025-02-21T07:00:00+00:00,EMERGENCY,COMPLETED,Fever with circulatory instability,H003
A0013,P003,2025-04-07T07:00:00+00:00,EMERGENCY,COMPLETED,Sudden limb weakness,H002
A0014,P003,2025-05-22T07:00:00+00:00,EMERGENCY,COMPLETED,Breathlessness with leg swelling,H002
A0015,P003,2025-07-06T07:00:00+00:00,EMERGENCY,COMPLETED,Right lower abdominal pain,H002
A0016,P004,2025-01-09T07:00:00+00:00,EMERGENCY,COMPLETED,Right upper abdominal pain,H012
A0017,P004,2025-02-23T07:00:00+00:00,EMERGENCY,COMPLETED,Severe breathing difficulty,H013
A0018,P004,2025-04-09T07:00:00+00:00,EMERGENCY,COMPLETED,Lower-leg redness and swelling,H012
A0019,P004,2025-05-24T07:00:00+00:00,EMERGENCY,COMPLETED,Fever and shortness of breath,H012
A0020,P004,2025-07-08T07:00:00+00:00,EMERGENCY,COMPLETED,Right upper abdominal pain,H012
A0021,P005,2025-01-11T07:00:00+00:00,EMERGENCY,COMPLETED,Hip pain after a fictional fall,H022
A0022,P005,2025-02-25T07:00:00+00:00,EMERGENCY,COMPLETED,Dizziness with reduced fluid intake,H022
A0023,P005,2025-04-11T07:00:00+00:00,EMERGENCY,COMPLETED,Severe abdominal pain with systemic illness,H022
A0024,P005,2025-05-26T07:00:00+00:00,EMERGENCY,COMPLETED,Acute chest discomfort,H023
A0025,P005,2025-07-10T07:00:00+00:00,EMERGENCY,COMPLETED,Hip pain after a fictional fall,H022
A0026,P006,2025-01-13T07:00:00+00:00,EMERGENCY,COMPLETED,Fever with circulatory instability,H003
A0027,P006,2025-02-27T07:00:00+00:00,EMERGENCY,COMPLETED,Sudden limb weakness,H002
A0028,P006,2025-04-13T07:00:00+00:00,EMERGENCY,COMPLETED,Breathlessness with leg swelling,H002
A0029,P007,2025-01-15T07:00:00+00:00,EMERGENCY,COMPLETED,Severe breathing difficulty,H013
A0030,P007,2025-03-01T07:00:00+00:00,EMERGENCY,COMPLETED,Lower-leg redness and swelling,H012
A0031,P007,2025-04-15T07:00:00+00:00,EMERGENCY,COMPLETED,Fever and shortness of breath,H012
A0032,P008,2025-01-17T07:00:00+00:00,EMERGENCY,COMPLETED,Dizziness with reduced fluid intake,H022
A0033,P008,2025-03-03T07:00:00+00:00,EMERGENCY,COMPLETED,Severe abdominal pain with systemic illness,H022
A0034,P008,2025-04-17T07:00:00+00:00,EMERGENCY,COMPLETED,Acute chest discomfort,H023
A0035,P009,2025-01-19T07:00:00+00:00,EMERGENCY,COMPLETED,Sudden limb weakness,H002
A0036,P009,2025-03-05T07:00:00+00:00,EMERGENCY,COMPLETED,Breathlessness with leg swelling,H002
A0037,P009,2025-04-19T07:00:00+00:00,EMERGENCY,COMPLETED,Right lower abdominal pain,H002
A0038,P010,2025-01-21T07:00:00+00:00,EMERGENCY,COMPLETED,Lower-leg redness and swelling,H012
A0039,P010,2025-03-07T07:00:00+00:00,EMERGENCY,COMPLETED,Fever and shortness of breath,H012
A0040,P010,2025-04-21T07:00:00+00:00,EMERGENCY,COMPLETED,Right upper abdominal pain,H012
A0041,P011,2025-01-23T07:00:00+00:00,EMERGENCY,COMPLETED,Severe abdominal pain with systemic illness,H022
A0042,P011,2025-03-09T07:00:00+00:00,EMERGENCY,COMPLETED,Acute chest discomfort,H023
A0043,P011,2025-04-23T07:00:00+00:00,EMERGENCY,COMPLETED,Hip pain after a fictional fall,H022
A0044,P012,2025-01-25T07:00:00+00:00,EMERGENCY,COMPLETED,Breathlessness with leg swelling,H002
A0045,P012,2025-03-11T07:00:00+00:00,EMERGENCY,COMPLETED,Right lower abdominal pain,H002
A0046,P012,2025-04-25T07:00:00+00:00,EMERGENCY,COMPLETED,Fever with circulatory instability,H003
A0047,P013,2025-01-27T07:00:00+00:00,EMERGENCY,COMPLETED,Fever and shortness of breath,H012
A0048,P013,2025-03-13T07:00:00+00:00,EMERGENCY,COMPLETED,Right upper abdominal pain,H012
A0049,P013,2025-04-27T07:00:00+00:00,EMERGENCY,COMPLETED,Severe breathing difficulty,H013
A0050,P014,2025-01-29T07:00:00+00:00,EMERGENCY,COMPLETED,Acute chest discomfort,H023
A0051,P014,2025-03-15T07:00:00+00:00,EMERGENCY,COMPLETED,Hip pain after a fictional fall,H022
A0052,P014,2025-04-29T07:00:00+00:00,EMERGENCY,COMPLETED,Dizziness with reduced fluid intake,H022
A0053,P015,2025-01-31T07:00:00+00:00,EMERGENCY,COMPLETED,Right lower abdominal pain,H002
A0054,P015,2025-03-17T07:00:00+00:00,EMERGENCY,COMPLETED,Fever with circulatory instability,H003
A0055,P015,2025-05-01T07:00:00+00:00,EMERGENCY,COMPLETED,Sudden limb weakness,H002
A0056,P016,2025-02-02T07:00:00+00:00,EMERGENCY,COMPLETED,Right upper abdominal pain,H012
A0057,P016,2025-03-19T07:00:00+00:00,EMERGENCY,COMPLETED,Severe breathing difficulty,H013
A0058,P017,2025-02-04T07:00:00+00:00,EMERGENCY,COMPLETED,Hip pain after a fictional fall,H022
A0059,P017,2025-03-21T07:00:00+00:00,EMERGENCY,COMPLETED,Dizziness with reduced fluid intake,H022
A0060,P018,2025-02-06T07:00:00+00:00,EMERGENCY,COMPLETED,Fever with circulatory instability,H003
A0061,P018,2025-03-23T07:00:00+00:00,EMERGENCY,COMPLETED,Sudden limb weakness,H002
A0062,P019,2025-02-08T07:00:00+00:00,EMERGENCY,COMPLETED,Severe breathing difficulty,H013
A0063,P019,2025-03-25T07:00:00+00:00,EMERGENCY,COMPLETED,Lower-leg redness and swelling,H012
A0064,P020,2025-02-10T07:00:00+00:00,EMERGENCY,COMPLETED,Dizziness with reduced fluid intake,H022
A0065,P020,2025-03-27T07:00:00+00:00,EMERGENCY,COMPLETED,Severe abdominal pain with systemic illness,H022
A0066,P021,2025-02-12T07:00:00+00:00,EMERGENCY,COMPLETED,Sudden limb weakness,H002
A0067,P021,2025-03-29T07:00:00+00:00,EMERGENCY,COMPLETED,Breathlessness with leg swelling,H002
A0068,P022,2025-02-14T07:00:00+00:00,EMERGENCY,COMPLETED,Lower-leg redness and swelling,H012
A0069,P022,2025-03-31T07:00:00+00:00,EMERGENCY,COMPLETED,Fever and shortness of breath,H012
A0070,P023,2025-02-16T07:00:00+00:00,EMERGENCY,COMPLETED,Severe abdominal pain with systemic illness,H022
A0071,P023,2025-04-02T07:00:00+00:00,EMERGENCY,COMPLETED,Acute chest discomfort,H023
A0072,P024,2025-02-18T07:00:00+00:00,EMERGENCY,COMPLETED,Breathlessness with leg swelling,H002
A0073,P024,2025-04-04T07:00:00+00:00,EMERGENCY,COMPLETED,Right lower abdominal pain,H002
A0074,P025,2025-02-20T07:00:00+00:00,EMERGENCY,COMPLETED,Fever and shortness of breath,H012
A0075,P025,2025-04-06T07:00:00+00:00,EMERGENCY,COMPLETED,Right upper abdominal pain,H012
A0076,P026,2025-02-22T07:00:00+00:00,EMERGENCY,COMPLETED,Acute chest discomfort,H023
A0077,P026,2025-04-08T07:00:00+00:00,EMERGENCY,COMPLETED,Hip pain after a fictional fall,H022
A0078,P027,2025-02-24T07:00:00+00:00,EMERGENCY,COMPLETED,Right lower abdominal pain,H002
A0079,P027,2025-04-10T07:00:00+00:00,EMERGENCY,COMPLETED,Fever with circulatory instability,H003
A0080,P028,2025-02-26T07:00:00+00:00,EMERGENCY,COMPLETED,Right upper abdominal pain,H012
A0081,P028,2025-04-12T07:00:00+00:00,EMERGENCY,COMPLETED,Severe breathing difficulty,H013
A0082,P029,2025-02-28T07:00:00+00:00,EMERGENCY,COMPLETED,Hip pain after a fictional fall,H022
A0083,P029,2025-04-14T07:00:00+00:00,EMERGENCY,COMPLETED,Dizziness with reduced fluid intake,H022
A0084,P030,2025-03-02T07:00:00+00:00,EMERGENCY,COMPLETED,Fever with circulatory instability,H003
A0085,P030,2025-04-16T07:00:00+00:00,EMERGENCY,COMPLETED,Sudden limb weakness,H002
A0086,P031,2025-03-04T07:00:00+00:00,EMERGENCY,COMPLETED,Severe breathing difficulty,H013
A0087,P031,2025-04-18T07:00:00+00:00,EMERGENCY,COMPLETED,Lower-leg redness and swelling,H012
A0088,P032,2025-03-06T07:00:00+00:00,EMERGENCY,COMPLETED,Dizziness with reduced fluid intake,H022
A0089,P032,2025-04-20T07:00:00+00:00,EMERGENCY,COMPLETED,Severe abdominal pain with systemic illness,H022
A0090,P033,2025-03-08T07:00:00+00:00,EMERGENCY,COMPLETED,Sudden limb weakness,H002
A0091,P033,2025-04-22T07:00:00+00:00,EMERGENCY,COMPLETED,Severe breathing difficulty,H003
A0092,P034,2025-03-10T07:00:00+00:00,EMERGENCY,COMPLETED,Lower-leg redness and swelling,H012
A0093,P034,2025-04-24T07:00:00+00:00,EMERGENCY,COMPLETED,Fever and shortness of breath,H012
A0094,P035,2025-03-12T07:00:00+00:00,EMERGENCY,COMPLETED,Severe abdominal pain with systemic illness,H022
A0095,P035,2025-04-26T07:00:00+00:00,EMERGENCY,COMPLETED,Acute chest discomfort,H023
A0096,P036,2025-03-14T07:00:00+00:00,EMERGENCY,COMPLETED,Breathlessness with leg swelling,H002
A0097,P036,2025-04-28T07:00:00+00:00,EMERGENCY,COMPLETED,Right lower abdominal pain,H002
A0098,P037,2025-03-16T07:00:00+00:00,EMERGENCY,COMPLETED,Fever and shortness of breath,H012
A0099,P037,2025-04-30T07:00:00+00:00,EMERGENCY,COMPLETED,Right upper abdominal pain,H012
A0100,P038,2025-03-18T07:00:00+00:00,EMERGENCY,COMPLETED,Acute chest discomfort,H023
A0101,P038,2025-05-02T07:00:00+00:00,EMERGENCY,COMPLETED,Hip pain after a fictional fall,H022
A0102,P039,2025-03-20T07:00:00+00:00,EMERGENCY,COMPLETED,Right lower abdominal pain,H002
A0103,P039,2025-05-04T07:00:00+00:00,EMERGENCY,COMPLETED,Fever with circulatory instability,H003
A0104,P040,2025-03-22T07:00:00+00:00,EMERGENCY,COMPLETED,Right upper abdominal pain,H012
A0105,P040,2025-05-06T07:00:00+00:00,EMERGENCY,COMPLETED,Severe breathing difficulty,H013
A0106,P041,2025-03-24T07:00:00+00:00,EMERGENCY,COMPLETED,Hip pain after a fictional fall,H022
A0107,P042,2025-03-26T07:00:00+00:00,EMERGENCY,COMPLETED,Fever with circulatory instability,H003
A0108,P043,2025-03-28T07:00:00+00:00,EMERGENCY,COMPLETED,Severe breathing difficulty,H013
A0109,P044,2025-03-30T07:00:00+00:00,EMERGENCY,COMPLETED,Dizziness with reduced fluid intake,H022
A0110,P045,2025-04-01T07:00:00+00:00,EMERGENCY,COMPLETED,Sudden limb weakness,H002
A0111,P046,2025-04-03T07:00:00+00:00,EMERGENCY,COMPLETED,Lower-leg redness and swelling,H012
A0112,P047,2025-04-05T07:00:00+00:00,EMERGENCY,COMPLETED,Severe abdominal pain with systemic illness,H022
A0113,P048,2025-04-07T07:00:00+00:00,EMERGENCY,COMPLETED,Breathlessness with leg swelling,H002
A0114,P049,2025-04-09T07:00:00+00:00,EMERGENCY,COMPLETED,Fever with circulatory instability,H013
A0115,P050,2025-04-11T07:00:00+00:00,EMERGENCY,COMPLETED,Acute chest discomfort,H023
A0116,P051,2025-04-13T07:00:00+00:00,EMERGENCY,COMPLETED,Right lower abdominal pain,H002
A0117,P052,2025-04-15T07:00:00+00:00,EMERGENCY,COMPLETED,Right upper abdominal pain,H012
A0118,P053,2025-04-17T07:00:00+00:00,EMERGENCY,COMPLETED,Hip pain after a fictional fall,H022
A0119,P054,2025-04-19T07:00:00+00:00,EMERGENCY,COMPLETED,Dizziness with reduced fluid intake,H002
A0120,P055,2025-04-21T07:00:00+00:00,EMERGENCY,COMPLETED,Lower-leg redness and swelling,H012
