note_id,admission_id,professional_id,note_timestamp,note_type,note_text
N0001,A0001,H011,2025-01-03T07:18:00+00:00,CLINICAL_ASSESSMENT,Fictional assessment: Fever and shortness of breath. Examination documented; diagnostic evaluation requested.
N0002,A0001,H012,2025-01-03T11:00:00+00:00,PROGRESS,Synthetic results reviewed; monitoring continues during this admission.
N0003,A0001,H012,2025-01-03T13:00:00+00:00,TRANSFER,Fictional transfer from ED to MED; responsible unit changed.
N0004,A0001,H012,2025-01-05T04:00:00+00:00,PROGRESS,Synthetic interval review: ongoing inpatient observation and reassessment.
N0005,A0001,H012,2025-01-07T01:00:00+00:00,DISCHARGE_SUMMARY,Fictional discharge summary: Recovery documented; follow-up arranged.
N0006,A0002,H011,2025-02-17T07:18:00+00:00,CLINICAL_ASSESSMENT,Fictional assessment: Right upper abdominal pain. Examination documented; diagnostic evaluation requested.
N0007,A0002,H012,2025-02-17T11:00:00+00:00,PROGRESS,Synthetic results reviewed; monitoring continues during this admission.
N0008,A0002,H012,2025-02-17T11:00:00+00:00,TRANSFER,Fictional transfer from ED to SURG; responsible unit changed.
N0009,A0002,H014,2025-02-17T15:12:00+00:00,OPERATIVE,Fictional procedure completed: Laparoscopic cholecystectomy. Postoperative monitoring arranged.
N0010,A0002,H012,2025-02-19T01:00:00+00:00,PROGRESS,Synthetic interval review: ongoing inpatient observation and reassessment.
N0011,A0002,H012,2025-02-20T19:00:00+00:00,DISCHARGE_SUMMARY,Fictional discharge summary: RECOVERY documented; follow-up arranged.
N0012,A0003,H011,2025-04-03T07:18:00+00:00,CLINICAL_ASSESSMENT,Fictional assessment: Severe breathing difficulty. Examination documented; diagnostic evaluation requested.
N0013,A0003,H013,2025-04-03T09:00:00+00:00,TRANSFER,Fictional transfer from ED to ICU; responsible unit changed.
N0014,A0003,H013,2025-04-03T11:00:00+00:00,PROGRESS,Synthetic results reviewed; monitoring continues during this admission.
N0015,A0003,H013,2025-04-09T07:00:00+00:00,PROGRESS,Synthetic interval review: ongoing inpatient observation and reassessment.
N0016,A0003,H013,2025-04-11T21:00:00+00:00,TRANSFER,Fictional transfer from ICU to MICU; responsible unit changed.
N0017,A0003,H013,2025-04-13T21:00:00+00:00,TRANSFER,Fictional transfer from MICU to MED; responsible unit changed.
N0018,A0003,H013,2025-04-15T07:00:00+00:00,DISCHARGE_SUMMARY,Fictional discharge summary: ReCoVeRy documented; follow-up arranged.
N0019,A0004,H011,2025-05-18T07:18:00+00:00,CLINICAL_ASSESSMENT,Fictional assessment: Lower-leg redness and swelling. Examination documented; diagnostic evaluation requested.
N0020,A0004,H012,2025-05-18T11:00:00+00:00,PROGRESS,Synthetic results reviewed; monitoring continues during this admission.
N0021,A0004,H012,2025-05-18T13:00:00+00:00,TRANSFER,Fictional transfer from ED to MED; responsible unit changed.
N0022,A0004,H012,2025-05-19T04:00:00+00:00,PROGRESS,Synthetic interval review: ongoing inpatient observation and reassessment.
N0023,A0004,H012,2025-05-20T01:00:00+00:00,DISCHARGE_SUMMARY,Fictional discharge summary: recovery documented; follow-up arranged.
N0024,A0005,H011,2025-07-02T07:18:00+00:00,CLINICAL_ASSESSMENT,Fictional assessment: Fever and shortness of breath. Examination documented; diagnostic evaluation requested.
N0025,A0005,H012,2025-07-02T11:00:00+00:00,PROGRESS,Synthetic results reviewed; monitoring continues during this admission.
N0026,A0005,H012,2025-07-02T13:00:00+00:00,TRANSFER,Fictional transfer from ED to MED; responsible unit changed.
N0027,A0005,H012,2025-07-04T07:00:00+00:00,PROGRESS,Synthetic interval review: ongoing inpatient observation and reassessment.
N0028,A0005,H012,2025-07-06T07:00:00+00:00,DISCHARGE_SUMMARY,Fictional discharge summary: Recovery documented; follow-up arranged.
N0029,A0006,H021,2025-01-05T07:18:00+00:00,CLINICAL_ASSESSMENT,Fictional assessment: Acute chest discomfort. Examination documented; diagnostic evaluation requested.
N0030,A0006,H023,2025-01-05T10:00:00+00:00,TRANSFER,Fictional transfer from ED to CCU; responsible unit changed.
N0031,A0006,H023,2025-01-05T11:00:00+00:00,PROGRESS,Synthetic results reviewed; monitoring continues during this admission.
N0032,A0006,H023,2025-01-11T01:00:00+00:00,PROGRESS,Synthetic interval review: ongoing inpatient observation and reassessment.
N0033,A0006,H023,2025-01-12T10:00:00+00:00,TRANSFER,Fictional transfer from CCU to CARD; responsible unit changed.
N0034,A0006,H023,2025-01-16T19:00:00+00:00,DISCHARGE_SUMMARY,Fictional discharge summary: RECOVERY documented; follow-up arranged.
N0035,A0007,H021,2025-02-19T07:18:00+00:00,CLINICAL_ASSESSMENT,Fictional assessment: Hip pain after a fictional fall. Examination documented; diagnostic evaluation requested.
N0036,A0007,H022,2025-02-19T11:00:00+00:00,PROGRESS,Synthetic results reviewed; monitoring continues during this admission.
N0037,A0007,H022,2025-02-19T11:00:00+00:00,TRANSFER,Fictional transfer from ED to ORTH; responsible unit changed.
N0038,A0007,H025,2025-02-19T15:12:00+00:00,OPERATIVE,Fictional procedure completed: Internal fixation of hip fracture. Postoperative monitoring arranged.
N0039,A0007,H022,2025-02-22T07:00:00+00:00,PROGRESS,Synthetic interval review: ongoing inpatient observation and reassessment.
N0040,A0007,H022,2025-02-23T07:00:00+00:00,TRANSFER,Fictional transfer from ORTH to REHAB; responsible unit changed.
N0041,A0007,H022,2025-02-25T07:00:00+00:00,DISCHARGE_SUMMARY,Fictional discharge summary: ReCoVeRy documented; follow-up arranged.
N0042,A0008,H021,2025-04-05T07:18:00+00:00,CLINICAL_ASSESSMENT,Fictional assessment: Dizziness with reduced fluid intake. Examination documented; diagnostic evaluation requested.
N0043,A0008,H022,2025-04-05T11:00:00+00:00,PROGRESS,Synthetic results reviewed; monitoring continues during this admission.
N0044,A0008,H022,2025-04-05T12:00:00+00:00,TRANSFER,Fictional transfer from ED to MED; responsible unit changed.
N0045,A0008,H022,2025-04-05T22:00:00+00:00,PROGRESS,Synthetic interval review: ongoing inpatient observation and reassessment.
N0046,A0008,H022,2025-04-06T13:00:00+00:00,DISCHARGE_SUMMARY,Fictional discharge summary: recovery documented; follow-up arranged.
N0047,A0009,H021,2025-05-20T07:18:00+00:00,CLINICAL_ASSESSMENT,Fictional assessment: Severe abdominal pain with systemic illness. Examination documented; diagnostic evaluation requested.
N0048,A0009,H022,2025-05-20T11:00:00+00:00,PROGRESS,Synthetic results reviewed; monitoring continues during this admission.
N0049,A0009,H022,2025-05-20T11:00:00+00:00,TRANSFER,Fictional transfer from ED to SURG; responsible unit changed.
N0050,A0009,H024,2025-05-20T15:12:00+00:00,OPERATIVE,Fictional procedure completed: Segmental colectomy. Postoperative monitoring arranged.
N0051,A0009,H022,2025-05-20T16:00:00+00:00,TRANSFER,Fictional transfer from SURG to SICU; responsible unit changed.
N0052,A0009,H022,2025-05-22T16:00:00+00:00,TRANSFER,Fictional transfer from SICU to ICU; responsible unit changed.
N0053,A0009,H022,2025-05-26T19:00:00+00:00,PROGRESS,Synthetic interval review: ongoing inpatient observation and reassessment.
N0054,A0009,H022,2025-05-30T16:00:00+00:00,TRANSFER,Fictional transfer from ICU to STEP; responsible unit changed.
N0055,A0009,H022,2025-05-31T16:00:00+00:00,TRANSFER,Fictional transfer from STEP to SURG; responsible unit changed.
N0056,A0009,H022,2025-06-02T07:00:00+00:00,DISCHARGE_SUMMARY,Fictional discharge summary: Recovery documented; follow-up arranged.
N0057,A0010,H021,2025-07-04T07:18:00+00:00,CLINICAL_ASSESSMENT,Fictional assessment: Acute chest discomfort. Examination documented; diagnostic evaluation requested.
N0058,A0010,H023,2025-07-04T10:00:00+00:00,TRANSFER,Fictional transfer from ED to CCU; responsible unit changed.
N0059,A0010,H023,2025-07-04T11:00:00+00:00,PROGRESS,Synthetic results reviewed; monitoring continues during this admission.
N0060,A0010,H023,2025-07-09T19:00:00+00:00,PROGRESS,Synthetic interval review: ongoing inpatient observation and reassessment.
N0061,A0010,H023,2025-07-12T22:00:00+00:00,TRANSFER,Fictional transfer from CCU to CARD; responsible unit changed.
N0062,A0010,H023,2025-07-15T07:00:00+00:00,DISCHARGE_SUMMARY,Fictional discharge summary: RECOVERY documented; follow-up arranged.
N0063,A0011,H001,2025-01-07T07:18:00+00:00,CLINICAL_ASSESSMENT,Fictional assessment: Right lower abdominal pain. Examination documented; diagnostic evaluation requested.
N0064,A0011,H002,2025-01-07T11:00:00+00:00,PROGRESS,Synthetic results reviewed; monitoring continues during this admission.
N0065,A0011,H002,2025-01-07T11:00:00+00:00,TRANSFER,Fictional transfer from ED to SURG; responsible unit changed.
N0066,A0011,H004,2025-01-07T15:12:00+00:00,OPERATIVE,Fictional procedure completed: Laparoscopic appendectomy. Postoperative monitoring arranged.
N0067,A0011,H002,2025-01-08T13:00:00+00:00,PROGRESS,Synthetic interval review: ongoing inpatient observation and reassessment.
N0068,A0011,H002,2025-01-09T19:00:00+00:00,DISCHARGE_SUMMARY,Fictional discharge summary: ReCoVeRy documented; follow-up arranged.
N0069,A0012,H001,2025-02-21T07:18:00+00:00,CLINICAL_ASSESSMENT,Fictional assessment: Fever with circulatory instability. Examination documented; diagnostic evaluation requested.
N0070,A0012,H003,2025-02-21T10:00:00+00:00,TRANSFER,Fictional transfer from ED to MICU; responsible unit changed.
N0071,A0012,H003,2025-02-21T11:00:00+00:00,PROGRESS,Synthetic results reviewed; monitoring continues during this admission.
N0072,A0012,H003,2025-02-23T10:00:00+00:00,TRANSFER,Fictional transfer from MICU to ICU; responsible unit changed.
N0073,A0012,H003,2025-02-28T10:00:00+00:00,PROGRESS,Synthetic interval review: ongoing inpatient observation and reassessment.
N0074,A0012,H003,2025-03-03T22:00:00+00:00,TRANSFER,Fictional transfer from ICU to STEP; responsible unit changed.
N0075,A0012,H003,2025-03-07T13:00:00+00:00,DISCHARGE_SUMMARY,Fictional discharge summary: recovery documented; follow-up arranged.
N0076,A0013,H001,2025-04-07T07:18:00+00:00,CLINICAL_ASSESSMENT,Fictional assessment: Sudden limb weakness. Examination documented; diagnostic evaluation requested.
N0077,A0013,H002,2025-04-07T11:00:00+00:00,PROGRESS,Synthetic results reviewed; monitoring continues during this admission.
N0078,A0013,H002,2025-04-07T12:00:00+00:00,TRANSFER,Fictional transfer from ED to NEUR; responsible unit changed.
N0079,A0013,H002,2025-04-10T01:00:00+00:00,PROGRESS,Synthetic interval review: ongoing inpatient observation and reassessment.
N0080,A0013,H002,2025-04-10T19:00:00+00:00,TRANSFER,Fictional transfer from NEUR to REHAB; responsible unit changed.
N0081,A0013,H002,2025-04-12T19:00:00+00:00,DISCHARGE_SUMMARY,Fictional discharge summary: Recovery documented; follow-up arranged.
N0082,A0014,H001,2025-05-22T07:18:00+00:00,CLINICAL_ASSESSMENT,Fictional assessment: Breathlessness with leg swelling. Examination documented; diagnostic evaluation requested.
N0083,A0014,H002,2025-05-22T11:00:00+00:00,PROGRESS,Synthetic results reviewed; monitoring continues during this admission.
N0084,A0014,H002,2025-05-22T12:00:00+00:00,TRANSFER,Fictional transfer from ED to CARD; responsible unit changed.
N0085,A0014,H002,2025-05-24T07:00:00+00:00,PROGRESS,Synthetic interval review: ongoing inpatient observation and reassessment.
N0086,A0014,H002,2025-05-26T07:00:00+00:00,DISCHARGE_SUMMARY,Fictional discharge summary: RECOVERY documented; follow-up arranged.
N0087,A0015,H001,2025-07-06T07:18:00+00:00,CLINICAL_ASSESSMENT,Fictional assessment: Right lower abdominal pain. Examination documented; diagnostic evaluation requested.
N0088,A0015,H002,2025-07-06T11:00:00+00:00,PROGRESS,Synthetic results reviewed; monitoring continues during this admission.
N0089,A0015,H002,2025-07-06T11:00:00+00:00,TRANSFER,Fictional transfer from ED to SURG; responsible unit changed.
N0090,A0015,H004,2025-07-06T15:12:00+00:00,OPERATIVE,Fictional procedure completed: Laparoscopic appendectomy. Postoperative monitoring arranged.
N0091,A0015,H002,2025-07-07T16:00:00+00:00,PROGRESS,Synthetic interval review: ongoing inpatient observation and reassessment.
N0092,A0015,H002,2025-07-09T01:00:00+00:00,DISCHARGE_SUMMARY,Fictional discharge summary: ReCoVeRy documented; follow-up arranged.
N0093,A0016,H011,2025-01-09T07:18:00+00:00,CLINICAL_ASSESSMENT,Fictional assessment: Right upper abdominal pain. Examination documented; diagnostic evaluation requested.
N0094,A0016,H012,2025-01-09T11:00:00+00:00,PROGRESS,Synthetic results reviewed; monitoring continues during this admission.
N0095,A0016,H012,2025-01-09T11:00:00+00:00,TRANSFER,Fictional transfer from ED to SURG; responsible unit changed.
N0096,A0016,H014,2025-01-09T15:12:00+00:00,OPERATIVE,Fictional procedure completed: Laparoscopic cholecystectomy. Postoperative monitoring arranged.
N0097,A0016,H012,2025-01-10T22:00:00+00:00,PROGRESS,Synthetic interval review: ongoing inpatient observation and reassessment.
N0098,A0016,H012,2025-01-12T13:00:00+00:00,DISCHARGE_SUMMARY,Fictional discharge summary: recovery documented; follow-up arranged.
N0099,A0017,H011,2025-02-23T07:18:00+00:00,CLINICAL_ASSESSMENT,Fictional assessment: Severe breathing difficulty. Examination documented; diagnostic evaluation requested.
N0100,A0017,H013,2025-02-23T09:00:00+00:00,TRANSFER,Fictional transfer from ED to ICU; responsible unit changed.
N0101,A0017,H013,2025-02-23T11:00:00+00:00,PROGRESS,Synthetic results reviewed; monitoring continues during this admission.
N0102,A0017,H013,2025-03-01T13:00:00+00:00,PROGRESS,Synthetic interval review: ongoing inpatient observation and reassessment.
N0103,A0017,H013,2025-03-03T21:00:00+00:00,TRANSFER,Fictional transfer from ICU to MICU; responsible unit changed.
N0104,A0017,H013,2025-03-05T21:00:00+00:00,TRANSFER,Fictional transfer from MICU to MED; responsible unit changed.
N0105,A0017,H013,2025-03-07T19:00:00+00:00,DISCHARGE_SUMMARY,Fictional discharge summary: Recovery documented; follow-up arranged.
N0106,A0018,H011,2025-04-09T07:18:00+00:00,CLINICAL_ASSESSMENT,Fictional assessment: Lower-leg redness and swelling. Examination documented; diagnostic evaluation requested.
N0107,A0018,H012,2025-04-09T11:00:00+00:00,PROGRESS,Synthetic results reviewed; monitoring continues during this admission.
N0108,A0018,H012,2025-04-09T13:00:00+00:00,TRANSFER,Fictional transfer from ED to MED; responsible unit changed.
N0109,A0018,H012,2025-04-10T01:00:00+00:00,PROGRESS,Synthetic interval review: ongoing inpatient observation and reassessment.
N0110,A0018,H012,2025-04-10T19:00:00+00:00,DISCHARGE_SUMMARY,Fictional discharge summary: RECOVERY documented; follow-up arranged.
N0111,A0019,H011,2025-05-24T07:18:00+00:00,CLINICAL_ASSESSMENT,Fictional assessment: Fever and shortness of breath. Examination documented; diagnostic evaluation requested.
N0112,A0019,H012,2025-05-24T11:00:00+00:00,PROGRESS,Synthetic results reviewed; monitoring continues during this admission.
N0113,A0019,H012,2025-05-24T13:00:00+00:00,TRANSFER,Fictional transfer from ED to MED; responsible unit changed.
N0114,A0019,H012,2025-05-26T04:00:00+00:00,PROGRESS,Synthetic interval review: ongoing inpatient observation and reassessment.
N0115,A0019,H012,2025-05-28T01:00:00+00:00,DISCHARGE_SUMMARY,Fictional discharge summary: ReCoVeRy documented; follow-up arranged.
N0116,A0020,H011,2025-07-08T07:18:00+00:00,CLINICAL_ASSESSMENT,Fictional assessment: Right upper abdominal pain. Examination documented; diagnostic evaluation requested.
N0117,A0020,H012,2025-07-08T11:00:00+00:00,PROGRESS,Synthetic results reviewed; monitoring continues during this admission.
N0118,A0020,H012,2025-07-08T11:00:00+00:00,TRANSFER,Fictional transfer from ED to SURG; responsible unit changed.
N0119,A0020,H014,2025-07-08T15:12:00+00:00,OPERATIVE,Fictional procedure completed: Laparoscopic cholecystectomy. Postoperative monitoring arranged.
N0120,A0020,H012,2025-07-10T01:00:00+00:00,PROGRESS,Synthetic interval review: ongoing inpatient observation and reassessment.
N0121,A0020,H012,2025-07-11T19:00:00+00:00,DISCHARGE_SUMMARY,Fictional discharge summary: recovery documented; follow-up arranged.
N0122,A0021,H021,2025-01-11T07:18:00+00:00,CLINICAL_ASSESSMENT,Fictional assessment: Hip pain after a fictional fall. Examination documented; diagnostic evaluation requested.
N0123,A0021,H022,2025-01-11T11:00:00+00:00,PROGRESS,Synthetic results reviewed; monitoring continues during this admission.
N0124,A0021,H022,2025-01-11T11:00:00+00:00,TRANSFER,Fictional transfer from ED to ORTH; responsible unit changed.
N0125,A0021,H025,2025-01-11T15:12:00+00:00,OPERATIVE,Fictional procedure completed: Internal fixation of hip fracture. Postoperative monitoring arranged.
N0126,A0021,H022,2025-01-14T13:00:00+00:00,PROGRESS,Synthetic interval review: ongoing inpatient observation and reassessment.
N0127,A0021,H022,2025-01-15T07:00:00+00:00,TRANSFER,Fictional transfer from ORTH to REHAB; responsible unit changed.
N0128,A0021,H022,2025-01-17T19:00:00+00:00,DISCHARGE_SUMMARY,Fictional discharge summary: Recovery documented; follow-up arranged.
N0129,A0022,H021,2025-02-25T07:18:00+00:00,CLINICAL_ASSESSMENT,Fictional assessment: Dizziness with reduced fluid intake. Examination documented; diagnostic evaluation requested.
N0130,A0022,H022,2025-02-25T11:00:00+00:00,PROGRESS,Synthetic results reviewed; monitoring continues during this admission.
N0131,A0022,H022,2025-02-25T12:00:00+00:00,TRANSFER,Fictional transfer from ED to MED; responsible unit changed.
N0132,A0022,H022,2025-02-25T19:00:00+00:00,PROGRESS,Synthetic interval review: ongoing inpatient observation and reassessment.
N0133,A0022,H022,2025-02-26T07:00:00+00:00,DISCHARGE_SUMMARY,Fictional discharge summary: RECOVERY documented; follow-up arranged.
N0134,A0023,H021,2025-04-11T07:18:00+00:00,CLINICAL_ASSESSMENT,Fictional assessment: Severe abdominal pain with systemic illness. Examination documented; diagnostic evaluation requested.
N0135,A0023,H022,2025-04-11T11:00:00+00:00,PROGRESS,Synthetic results reviewed; monitoring continues during this admission.
N0136,A0023,H022,2025-04-11T11:00:00+00:00,TRANSFER,Fictional transfer from ED to SURG; responsible unit changed.
N0137,A0023,H024,2025-04-11T15:12:00+00:00,OPERATIVE,Fictional procedure completed: Segmental colectomy. Postoperative monitoring arranged.
N0138,A0023,H022,2025-04-11T16:00:00+00:00,TRANSFER,Fictional transfer from SURG to SICU; responsible unit changed.
N0139,A0023,H022,2025-04-13T16:00:00+00:00,TRANSFER,Fictional transfer from SICU to ICU; responsible unit changed.
N0140,A0023,H022,2025-04-17T16:00:00+00:00,PROGRESS,Synthetic interval review: ongoing inpatient observation and reassessment.
N0141,A0023,H022,2025-04-21T16:00:00+00:00,TRANSFER,Fictional transfer from ICU to STEP; responsible unit changed.
N0142,A0023,H022,2025-04-22T16:00:00+00:00,TRANSFER,Fictional transfer from STEP to SURG; responsible unit changed.
N0143,A0023,H022,2025-04-24T01:00:00+00:00,DISCHARGE_SUMMARY,Fictional discharge summary: ReCoVeRy documented; follow-up arranged.
N0144,A0024,H021,2025-05-26T07:18:00+00:00,CLINICAL_ASSESSMENT,Fictional assessment: Acute chest discomfort. Examination documented; diagnostic evaluation requested.
N0145,A0024,H023,2025-05-26T10:00:00+00:00,TRANSFER,Fictional transfer from ED to CCU; responsible unit changed.
N0146,A0024,H023,2025-05-26T11:00:00+00:00,PROGRESS,Synthetic results reviewed; monitoring continues during this admission.
N0147,A0024,H023,2025-06-01T01:00:00+00:00,PROGRESS,Synthetic interval review: ongoing inpatient observation and reassessment.
N0148,A0024,H023,2025-06-03T22:00:00+00:00,TRANSFER,Fictional transfer from CCU to CARD; responsible unit changed.
N0149,A0024,H023,2025-06-06T19:00:00+00:00,DISCHARGE_SUMMARY,Fictional discharge summary: recovery documented; follow-up arranged.
N0150,A0025,H021,2025-07-10T07:18:00+00:00,CLINICAL_ASSESSMENT,Fictional assessment: Hip pain after a fictional fall. Examination documented; diagnostic evaluation requested.
N0151,A0025,H022,2025-07-10T11:00:00+00:00,PROGRESS,Synthetic results reviewed; monitoring continues during this admission.
N0152,A0025,H022,2025-07-10T11:00:00+00:00,TRANSFER,Fictional transfer from ED to ORTH; responsible unit changed.
N0153,A0025,H025,2025-07-10T15:12:00+00:00,OPERATIVE,Fictional procedure completed: Internal fixation of hip fracture. Postoperative monitoring arranged.
N0154,A0025,H022,2025-07-13T07:00:00+00:00,PROGRESS,Synthetic interval review: ongoing inpatient observation and reassessment.
N0155,A0025,H022,2025-07-14T07:00:00+00:00,TRANSFER,Fictional transfer from ORTH to REHAB; responsible unit changed.
N0156,A0025,H022,2025-07-16T07:00:00+00:00,DISCHARGE_SUMMARY,Fictional discharge summary: Recovery documented; follow-up arranged.
N0157,A0026,H001,2025-01-13T07:18:00+00:00,CLINICAL_ASSESSMENT,Fictional assessment: Fever with circulatory instability. Examination documented; diagnostic evaluation requested.
N0158,A0026,H003,2025-01-13T10:00:00+00:00,TRANSFER,Fictional transfer from ED to MICU; responsible unit changed.
N0159,A0026,H003,2025-01-13T11:00:00+00:00,PROGRESS,Synthetic results reviewed; monitoring continues during this admission.
N0160,A0026,H003,2025-01-15T10:00:00+00:00,TRANSFER,Fictional transfer from MICU to ICU; responsible unit changed.
N0161,A0026,H003,2025-01-20T07:00:00+00:00,PROGRESS,Synthetic interval review: ongoing inpatient observation and reassessment.
N0162,A0026,H003,2025-01-23T22:00:00+00:00,TRANSFER,Fictional transfer from ICU to STEP; responsible unit changed.
N0163,A0026,H003,2025-01-27T07:00:00+00:00,DISCHARGE_SUMMARY,Fictional discharge summary: RECOVERY documented; follow-up arranged.
N0164,A0027,H001,2025-02-27T07:18:00+00:00,CLINICAL_ASSESSMENT,Fictional assessment: Sudden limb weakness. Examination documented; diagnostic evaluation requested.
N0165,A0027,H002,2025-02-27T11:00:00+00:00,PROGRESS,Synthetic results reviewed; monitoring continues during this admission.
N0166,A0027,H002,2025-02-27T12:00:00+00:00,TRANSFER,Fictional transfer from ED to NEUR; responsible unit changed.
N0167,A0027,H002,2025-03-01T22:00:00+00:00,PROGRESS,Synthetic interval review: ongoing inpatient observation and reassessment.
N0168,A0027,H002,2025-03-02T19:00:00+00:00,TRANSFER,Fictional transfer from NEUR to REHAB; responsible unit changed.
N0169,A0027,H002,2025-03-04T13:00:00+00:00,DISCHARGE_SUMMARY,Fictional discharge summary: ReCoVeRy documented; follow-up arranged.
N0170,A0028,H001,2025-04-13T07:18:00+00:00,CLINICAL_ASSESSMENT,Fictional assessment: Breathlessness with leg swelling. Examination documented; diagnostic evaluation requested.
N0171,A0028,H002,2025-04-13T11:00:00+00:00,PROGRESS,Synthetic results reviewed; monitoring continues during this admission.
N0172,A0028,H002,2025-04-13T12:00:00+00:00,TRANSFER,Fictional transfer from ED to CARD; responsible unit changed.
N0173,A0028,H002,2025-04-15T13:00:00+00:00,PROGRESS,Synthetic interval review: ongoing inpatient observation and reassessment.
N0174,A0028,H002,2025-04-17T19:00:00+00:00,DISCHARGE_SUMMARY,Fictional discharge summary: recovery documented; follow-up arranged.
N0175,A0029,H011,2025-01-15T07:18:00+00:00,CLINICAL_ASSESSMENT,Fictional assessment: Severe breathing difficulty. Examination documented; diagnostic evaluation requested.
N0176,A0029,H013,2025-01-15T09:00:00+00:00,TRANSFER,Fictional transfer from ED to ICU; responsible unit changed.
N0177,A0029,H013,2025-01-15T11:00:00+00:00,PROGRESS,Synthetic results reviewed; monitoring continues during this admission.
N0178,A0029,H013,2025-01-21T10:00:00+00:00,PROGRESS,Synthetic interval review: ongoing inpatient observation and reassessment.
N0179,A0029,H013,2025-01-23T21:00:00+00:00,TRANSFER,Fictional transfer from ICU to MICU; responsible unit changed.
N0180,A0029,H013,2025-01-25T21:00:00+00:00,TRANSFER,Fictional transfer from MICU to MED; responsible unit changed.
N0181,A0029,H013,2025-01-27T13:00:00+00:00,DISCHARGE_SUMMARY,Fictional discharge summary: Recovery documented; follow-up arranged.
N0182,A0030,H011,2025-03-01T07:18:00+00:00,CLINICAL_ASSESSMENT,Fictional assessment: Lower-leg redness and swelling. Examination documented; diagnostic evaluation requested.
N0183,A0030,H012,2025-03-01T11:00:00+00:00,PROGRESS,Synthetic results reviewed; monitoring continues during this admission.
N0184,A0030,H012,2025-03-01T13:00:00+00:00,TRANSFER,Fictional transfer from ED to MED; responsible unit changed.
N0185,A0030,H012,2025-03-02T07:00:00+00:00,PROGRESS,Synthetic interval review: ongoing inpatient observation and reassessment.
N0186,A0030,H012,2025-03-03T07:00:00+00:00,DISCHARGE_SUMMARY,Fictional discharge summary: RECOVERY documented; follow-up arranged.
N0187,A0031,H011,2025-04-15T07:18:00+00:00,CLINICAL_ASSESSMENT,Fictional assessment: Fever and shortness of breath. Examination documented; diagnostic evaluation requested.
N0188,A0031,H012,2025-04-15T11:00:00+00:00,PROGRESS,Synthetic results reviewed; monitoring continues during this admission.
N0189,A0031,H012,2025-04-15T13:00:00+00:00,TRANSFER,Fictional transfer from ED to MED; responsible unit changed.
N0190,A0031,H012,2025-04-17T01:00:00+00:00,PROGRESS,Synthetic interval review: ongoing inpatient observation and reassessment.
N0191,A0031,H012,2025-04-18T19:00:00+00:00,DISCHARGE_SUMMARY,Fictional discharge summary: ReCoVeRy documented; follow-up arranged.
N0192,A0032,H021,2025-01-17T07:18:00+00:00,CLINICAL_ASSESSMENT,Fictional assessment: Dizziness with reduced fluid intake. Examination documented; diagnostic evaluation requested.
N0193,A0032,H022,2025-01-17T11:00:00+00:00,PROGRESS,Synthetic results reviewed; monitoring continues during this admission.
N0194,A0032,H022,2025-01-17T12:00:00+00:00,TRANSFER,Fictional transfer from ED to MED; responsible unit changed.
N0195,A0032,H022,2025-01-18T01:00:00+00:00,PROGRESS,Synthetic interval review: ongoing inpatient observation and reassessment.
N0196,A0032,H022,2025-01-18T19:00:00+00:00,DISCHARGE_SUMMARY,Fictional discharge summary: recovery documented; follow-up arranged.
N0197,A0033,H021,2025-03-03T07:18:00+00:00,CLINICAL_ASSESSMENT,Fictional assessment: Severe abdominal pain with systemic illness. Examination documented; diagnostic evaluation requested.
N0198,A0033,H022,2025-03-03T11:00:00+00:00,PROGRESS,Synthetic results reviewed; monitoring continues during this admission.
N0199,A0033,H022,2025-03-03T11:00:00+00:00,TRANSFER,Fictional transfer from ED to SURG; responsible unit changed.
N0200,A0033,H024,2025-03-03T15:12:00+00:00,OPERATIVE,Fictional procedure completed: Segmental colectomy. Postoperative monitoring arranged.
N0201,A0033,H022,2025-03-03T16:00:00+00:00,TRANSFER,Fictional transfer from SURG to SICU; responsible unit changed.
N0202,A0033,H022,2025-03-05T16:00:00+00:00,TRANSFER,Fictional transfer from SICU to ICU; responsible unit changed.
N0203,A0033,H022,2025-03-09T13:00:00+00:00,PROGRESS,Synthetic interval review: ongoing inpatient observation and reassessment.
N0204,A0033,H022,2025-03-13T16:00:00+00:00,TRANSFER,Fictional transfer from ICU to STEP; responsible unit changed.
N0205,A0033,H022,2025-03-14T16:00:00+00:00,TRANSFER,Fictional transfer from STEP to SURG; responsible unit changed.
N0206,A0033,H022,2025-03-15T19:00:00+00:00,DISCHARGE_SUMMARY,Fictional discharge summary: Recovery documented; follow-up arranged.
N0207,A0034,H021,2025-04-17T07:18:00+00:00,CLINICAL_ASSESSMENT,Fictional assessment: Acute chest discomfort. Examination documented; diagnostic evaluation requested.
N0208,A0034,H023,2025-04-17T10:00:00+00:00,TRANSFER,Fictional transfer from ED to CCU; responsible unit changed.
N0209,A0034,H023,2025-04-17T11:00:00+00:00,PROGRESS,Synthetic results reviewed; monitoring continues during this admission.
N0210,A0034,H023,2025-04-22T22:00:00+00:00,PROGRESS,Synthetic interval review: ongoing inpatient observation and reassessment.
N0211,A0034,H023,2025-04-25T22:00:00+00:00,TRANSFER,Fictional transfer from CCU to CARD; responsible unit changed.
N0212,A0034,H023,2025-04-28T13:00:00+00:00,DISCHARGE_SUMMARY,Fictional discharge summary: RECOVERY documented; follow-up arranged.
N0213,A0035,H001,2025-01-19T07:18:00+00:00,CLINICAL_ASSESSMENT,Fictional assessment: Sudden limb weakness. Examination documented; diagnostic evaluation requested.
N0214,A0035,H002,2025-01-19T11:00:00+00:00,PROGRESS,Synthetic results reviewed; monitoring continues during this admission.
N0215,A0035,H002,2025-01-19T12:00:00+00:00,TRANSFER,Fictional transfer from ED to NEUR; responsible unit changed.
N0216,A0035,H002,2025-01-21T19:00:00+00:00,PROGRESS,Synthetic interval review: ongoing inpatient observation and reassessment.
N0217,A0035,H002,2025-01-22T19:00:00+00:00,TRANSFER,Fictional transfer from NEUR to REHAB; responsible unit changed.
N0218,A0035,H002,2025-01-24T07:00:00+00:00,DISCHARGE_SUMMARY,Fictional discharge summary: ReCoVeRy documented; follow-up arranged.
N0219,A0036,H001,2025-03-05T07:18:00+00:00,CLINICAL_ASSESSMENT,Fictional assessment: Breathlessness with leg swelling. Examination documented; diagnostic evaluation requested.
N0220,A0036,H002,2025-03-05T11:00:00+00:00,PROGRESS,Synthetic results reviewed; monitoring continues during this admission.
N0221,A0036,H002,2025-03-05T12:00:00+00:00,TRANSFER,Fictional transfer from ED to CARD; responsible unit changed.
N0222,A0036,H002,2025-03-07T10:00:00+00:00,PROGRESS,Synthetic interval review: ongoing inpatient observation and reassessment.
N0223,A0036,H002,2025-03-09T13:00:00+00:00,DISCHARGE_SUMMARY,Fictional discharge summary: recovery documented; follow-up arranged.
N0224,A0037,H001,2025-04-19T07:18:00+00:00,CLINICAL_ASSESSMENT,Fictional assessment: Right lower abdominal pain. Examination documented; diagnostic evaluation requested.
N0225,A0037,H002,2025-04-19T11:00:00+00:00,PROGRESS,Synthetic results reviewed; monitoring continues during this admission.
N0226,A0037,H002,2025-04-19T11:00:00+00:00,TRANSFER,Fictional transfer from ED to SURG; responsible unit changed.
N0227,A0037,H004,2025-04-19T15:12:00+00:00,OPERATIVE,Fictional procedure completed: Laparoscopic appendectomy. Postoperative monitoring arranged.
N0228,A0037,H002,2025-04-20T19:00:00+00:00,PROGRESS,Synthetic interval review: ongoing inpatient observation and reassessment.
N0229,A0037,H002,2025-04-22T07:00:00+00:00,DISCHARGE_SUMMARY,Fictional discharge summary: Recovery documented; follow-up arranged.
N0230,A0038,H011,2025-01-21T07:18:00+00:00,CLINICAL_ASSESSMENT,Fictional assessment: Lower-leg redness and swelling. Examination documented; diagnostic evaluation requested.
N0231,A0038,H012,2025-01-21T11:00:00+00:00,PROGRESS,Synthetic results reviewed; monitoring continues during this admission.
N0232,A0038,H012,2025-01-21T13:00:00+00:00,TRANSFER,Fictional transfer from ED to MED; responsible unit changed.
N0233,A0038,H012,2025-01-22T04:00:00+00:00,PROGRESS,Synthetic interval review: ongoing inpatient observation and reassessment.
N0234,A0038,H012,2025-01-23T01:00:00+00:00,DISCHARGE_SUMMARY,Fictional discharge summary: RECOVERY documented; follow-up arranged.
N0235,A0039,H011,2025-03-07T07:18:00+00:00,CLINICAL_ASSESSMENT,Fictional assessment: Fever and shortness of breath. Examination documented; diagnostic evaluation requested.
N0236,A0039,H012,2025-03-07T11:00:00+00:00,PROGRESS,Synthetic results reviewed; monitoring continues during this admission.
N0237,A0039,H012,2025-03-07T13:00:00+00:00,TRANSFER,Fictional transfer from ED to MED; responsible unit changed.
N0238,A0039,H012,2025-03-09T07:00:00+00:00,PROGRESS,Synthetic interval review: ongoing inpatient observation and reassessment.
N0239,A0039,H012,2025-03-11T07:00:00+00:00,DISCHARGE_SUMMARY,Fictional discharge summary: ReCoVeRy documented; follow-up arranged.
N0240,A0040,H011,2025-04-21T07:18:00+00:00,CLINICAL_ASSESSMENT,Fictional assessment: Right upper abdominal pain. Examination documented; diagnostic evaluation requested.
N0241,A0040,H012,2025-04-21T11:00:00+00:00,PROGRESS,Synthetic results reviewed; monitoring continues during this admission.
N0242,A0040,H012,2025-04-21T11:00:00+00:00,TRANSFER,Fictional transfer from ED to SURG; responsible unit changed.
N0243,A0040,H014,2025-04-21T15:12:00+00:00,OPERATIVE,Fictional procedure completed: Laparoscopic cholecystectomy. Postoperative monitoring arranged.
N0244,A0040,H012,2025-04-22T19:00:00+00:00,PROGRESS,Synthetic interval review: ongoing inpatient observation and reassessment.
N0245,A0040,H012,2025-04-24T07:00:00+00:00,DISCHARGE_SUMMARY,Fictional discharge summary: recovery documented; follow-up arranged.
N0246,A0041,H021,2025-01-23T07:18:00+00:00,CLINICAL_ASSESSMENT,Fictional assessment: Severe abdominal pain with systemic illness. Examination documented; diagnostic evaluation requested.
N0247,A0041,H022,2025-01-23T11:00:00+00:00,PROGRESS,Synthetic results reviewed; monitoring continues during this admission.
N0248,A0041,H022,2025-01-23T11:00:00+00:00,TRANSFER,Fictional transfer from ED to SURG; responsible unit changed.
N0249,A0041,H024,2025-01-23T15:12:00+00:00,OPERATIVE,Fictional procedure completed: Segmental colectomy. Postoperative monitoring arranged.
N0250,A0041,H022,2025-01-23T16:00:00+00:00,TRANSFER,Fictional transfer from SURG to SICU; responsible unit changed.
N0251,A0041,H022,2025-01-25T16:00:00+00:00,TRANSFER,Fictional transfer from SICU to ICU; responsible unit changed.
N0252,A0041,H022,2025-01-29T19:00:00+00:00,PROGRESS,Synthetic interval review: ongoing inpatient observation and reassessment.
N0253,A0041,H022,2025-02-02T16:00:00+00:00,TRANSFER,Fictional transfer from ICU to STEP; responsible unit changed.
N0254,A0041,H022,2025-02-03T16:00:00+00:00,TRANSFER,Fictional transfer from STEP to SURG; responsible unit changed.
N0255,A0041,H022,2025-02-05T07:00:00+00:00,DISCHARGE_SUMMARY,Fictional discharge summary: Recovery documented; follow-up arranged.
N0256,A0042,H021,2025-03-09T07:18:00+00:00,CLINICAL_ASSESSMENT,Fictional assessment: Acute chest discomfort. Examination documented; diagnostic evaluation requested.
N0257,A0042,H023,2025-03-09T10:00:00+00:00,TRANSFER,Fictional transfer from ED to CCU; responsible unit changed.
N0258,A0042,H023,2025-03-09T11:00:00+00:00,PROGRESS,Synthetic results reviewed; monitoring continues during this admission.
N0259,A0042,H023,2025-03-14T19:00:00+00:00,PROGRESS,Synthetic interval review: ongoing inpatient observation and reassessment.
N0260,A0042,H023,2025-03-17T22:00:00+00:00,TRANSFER,Fictional transfer from CCU to CARD; responsible unit changed.
N0261,A0042,H023,2025-03-20T07:00:00+00:00,DISCHARGE_SUMMARY,Fictional discharge summary: RECOVERY documented; follow-up arranged.
N0262,A0043,H021,2025-04-23T07:18:00+00:00,CLINICAL_ASSESSMENT,Fictional assessment: Hip pain after a fictional fall. Examination documented; diagnostic evaluation requested.
N0263,A0043,H022,2025-04-23T11:00:00+00:00,PROGRESS,Synthetic results reviewed; monitoring continues during this admission.
N0264,A0043,H022,2025-04-23T11:00:00+00:00,TRANSFER,Fictional transfer from ED to ORTH; responsible unit changed.
N0265,A0043,H025,2025-04-23T15:12:00+00:00,OPERATIVE,Fictional procedure completed: Internal fixation of hip fracture. Postoperative monitoring arranged.
N0266,A0043,H022,2025-04-26T10:00:00+00:00,PROGRESS,Synthetic interval review: ongoing inpatient observation and reassessment.
N0267,A0043,H022,2025-04-27T07:00:00+00:00,TRANSFER,Fictional transfer from ORTH to REHAB; responsible unit changed.
N0268,A0043,H022,2025-04-29T13:00:00+00:00,DISCHARGE_SUMMARY,Fictional discharge summary: ReCoVeRy documented; follow-up arranged.
N0269,A0044,H001,2025-01-25T07:18:00+00:00,CLINICAL_ASSESSMENT,Fictional assessment: Breathlessness with leg swelling. Examination documented; diagnostic evaluation requested.
N0270,A0044,H002,2025-01-25T11:00:00+00:00,PROGRESS,Synthetic results reviewed; monitoring continues during this admission.
N0271,A0044,H002,2025-01-25T12:00:00+00:00,TRANSFER,Fictional transfer from ED to CARD; responsible unit changed.
N0272,A0044,H002,2025-01-27T07:00:00+00:00,PROGRESS,Synthetic interval review: ongoing inpatient observation and reassessment.
N0273,A0044,H002,2025-01-29T07:00:00+00:00,DISCHARGE_SUMMARY,Fictional discharge summary: recovery documented; follow-up arranged.
N0274,A0045,H001,2025-03-11T07:18:00+00:00,CLINICAL_ASSESSMENT,Fictional assessment: Right lower abdominal pain. Examination documented; diagnostic evaluation requested.
N0275,A0045,H002,2025-03-11T11:00:00+00:00,PROGRESS,Synthetic results reviewed; monitoring continues during this admission.
N0276,A0045,H002,2025-03-11T11:00:00+00:00,TRANSFER,Fictional transfer from ED to SURG; responsible unit changed.
N0277,A0045,H004,2025-03-11T15:12:00+00:00,OPERATIVE,Fictional procedure completed: Laparoscopic appendectomy. Postoperative monitoring arranged.
N0278,A0045,H002,2025-03-12T16:00:00+00:00,PROGRESS,Synthetic interval review: ongoing inpatient observation and reassessment.
N0279,A0045,H002,2025-03-14T01:00:00+00:00,DISCHARGE_SUMMARY,Fictional discharge summary: Recovery documented; follow-up arranged.
N0280,A0046,H001,2025-04-25T07:18:00+00:00,CLINICAL_ASSESSMENT,Fictional assessment: Fever with circulatory instability. Examination documented; diagnostic evaluation requested.
N0281,A0046,H003,2025-04-25T10:00:00+00:00,TRANSFER,Fictional transfer from ED to MICU; responsible unit changed.
N0282,A0046,H003,2025-04-25T11:00:00+00:00,PROGRESS,Synthetic results reviewed; monitoring continues during this admission.
N0283,A0046,H003,2025-04-27T10:00:00+00:00,TRANSFER,Fictional transfer from MICU to ICU; responsible unit changed.
N0284,A0046,H003,2025-05-02T13:00:00+00:00,PROGRESS,Synthetic interval review: ongoing inpatient observation and reassessment.
N0285,A0046,H003,2025-05-05T22:00:00+00:00,TRANSFER,Fictional transfer from ICU to STEP; responsible unit changed.
N0286,A0046,H003,2025-05-09T19:00:00+00:00,DISCHARGE_SUMMARY,Fictional episode ended with in-hospital death; family discussion documented.
N0287,A0047,H011,2025-01-27T07:18:00+00:00,CLINICAL_ASSESSMENT,Fictional assessment: Fever and shortness of breath. Examination documented; diagnostic evaluation requested.
N0288,A0047,H012,2025-01-27T11:00:00+00:00,PROGRESS,Synthetic results reviewed; monitoring continues during this admission.
N0289,A0047,H012,2025-01-27T13:00:00+00:00,TRANSFER,Fictional transfer from ED to MED; responsible unit changed.
N0290,A0047,H012,2025-01-29T04:00:00+00:00,PROGRESS,Synthetic interval review: ongoing inpatient observation and reassessment.
N0291,A0047,H012,2025-01-31T01:00:00+00:00,DISCHARGE_SUMMARY,Fictional discharge summary: ReCoVeRy documented; follow-up arranged.
N0292,A0048,H011,2025-03-13T07:18:00+00:00,CLINICAL_ASSESSMENT,Fictional assessment: Right upper abdominal pain. Examination documented; diagnostic evaluation requested.
N0293,A0048,H012,2025-03-13T11:00:00+00:00,PROGRESS,Synthetic results reviewed; monitoring continues during this admission.
N0294,A0048,H012,2025-03-13T11:00:00+00:00,TRANSFER,Fictional transfer from ED to SURG; responsible unit changed.
N0295,A0048,H014,2025-03-13T15:12:00+00:00,OPERATIVE,Fictional procedure completed: Laparoscopic cholecystectomy. Postoperative monitoring arranged.
N0296,A0048,H012,2025-03-15T01:00:00+00:00,PROGRESS,Synthetic interval review: ongoing inpatient observation and reassessment.
N0297,A0048,H012,2025-03-16T19:00:00+00:00,DISCHARGE_SUMMARY,Fictional discharge summary: recovery documented; follow-up arranged.
N0298,A0049,H011,2025-04-27T07:18:00+00:00,CLINICAL_ASSESSMENT,Fictional assessment: Severe breathing difficulty. Examination documented; diagnostic evaluation requested.
N0299,A0049,H013,2025-04-27T09:00:00+00:00,TRANSFER,Fictional transfer from ED to ICU; responsible unit changed.
N0300,A0049,H013,2025-04-27T11:00:00+00:00,PROGRESS,Synthetic results reviewed; monitoring continues during this admission.
N0301,A0049,H013,2025-05-03T07:00:00+00:00,PROGRESS,Synthetic interval review: ongoing inpatient observation and reassessment.
N0302,A0049,H013,2025-05-05T21:00:00+00:00,TRANSFER,Fictional transfer from ICU to MICU; responsible unit changed.
N0303,A0049,H013,2025-05-07T21:00:00+00:00,TRANSFER,Fictional transfer from MICU to MED; responsible unit changed.
N0304,A0049,H013,2025-05-09T07:00:00+00:00,DISCHARGE_SUMMARY,Fictional discharge summary: Recovery documented; follow-up arranged.
N0305,A0050,H021,2025-01-29T07:18:00+00:00,CLINICAL_ASSESSMENT,Fictional assessment: Acute chest discomfort. Examination documented; diagnostic evaluation requested.
N0306,A0050,H023,2025-01-29T10:00:00+00:00,TRANSFER,Fictional transfer from ED to CCU; responsible unit changed.
N0307,A0050,H023,2025-01-29T11:00:00+00:00,PROGRESS,Synthetic results reviewed; monitoring continues during this admission.
N0308,A0050,H023,2025-02-04T01:00:00+00:00,PROGRESS,Synthetic interval review: ongoing inpatient observation and reassessment.
N0309,A0050,H023,2025-02-04T22:00:00+00:00,TRANSFER,Fictional transfer from CCU to CARD; responsible unit changed.
N0310,A0050,H023,2025-02-09T19:00:00+00:00,DISCHARGE_SUMMARY,Fictional discharge summary: RECOVERY documented; follow-up arranged.
N0311,A0051,H021,2025-03-15T07:18:00+00:00,CLINICAL_ASSESSMENT,Fictional assessment: Hip pain after a fictional fall. Examination documented; diagnostic evaluation requested.
N0312,A0051,H022,2025-03-15T11:00:00+00:00,PROGRESS,Synthetic results reviewed; monitoring continues during this admission.
N0313,A0051,H022,2025-03-15T11:00:00+00:00,TRANSFER,Fictional transfer from ED to ORTH; responsible unit changed.
N0314,A0051,H025,2025-03-15T15:12:00+00:00,OPERATIVE,Fictional procedure completed: Internal fixation of hip fracture. Postoperative monitoring arranged.
N0315,A0051,H022,2025-03-18T07:00:00+00:00,PROGRESS,Synthetic interval review: ongoing inpatient observation and reassessment.
N0316,A0051,H022,2025-03-19T07:00:00+00:00,TRANSFER,Fictional transfer from ORTH to REHAB; responsible unit changed.
N0317,A0051,H022,2025-03-21T07:00:00+00:00,DISCHARGE_SUMMARY,Fictional discharge summary: ReCoVeRy documented; follow-up arranged.
N0318,A0052,H021,2025-04-29T07:18:00+00:00,CLINICAL_ASSESSMENT,Fictional assessment: Dizziness with reduced fluid intake. Examination documented; diagnostic evaluation requested.
N0319,A0052,H022,2025-04-29T11:00:00+00:00,PROGRESS,Synthetic results reviewed; monitoring continues during this admission.
N0320,A0052,H022,2025-04-29T12:00:00+00:00,TRANSFER,Fictional transfer from ED to MED; responsible unit changed.
N0321,A0052,H022,2025-04-29T22:00:00+00:00,PROGRESS,Synthetic interval review: ongoing inpatient observation and reassessment.
N0322,A0052,H022,2025-04-30T13:00:00+00:00,DISCHARGE_SUMMARY,Fictional discharge summary: recovery documented; follow-up arranged.
N0323,A0053,H001,2025-01-31T07:18:00+00:00,CLINICAL_ASSESSMENT,Fictional assessment: Right lower abdominal pain. Examination documented; diagnostic evaluation requested.
N0324,A0053,H002,2025-01-31T11:00:00+00:00,PROGRESS,Synthetic results reviewed; monitoring continues during this admission.
N0325,A0053,H002,2025-01-31T11:00:00+00:00,TRANSFER,Fictional transfer from ED to SURG; responsible unit changed.
N0326,A0053,H004,2025-01-31T15:12:00+00:00,OPERATIVE,Fictional procedure completed: Laparoscopic appendectomy. Postoperative monitoring arranged.
N0327,A0053,H002,2025-02-01T13:00:00+00:00,PROGRESS,Synthetic interval review: ongoing inpatient observation and reassessment.
N0328,A0053,H002,2025-02-02T19:00:00+00:00,DISCHARGE_SUMMARY,Fictional discharge summary: Recovery documented; follow-up arranged.
N0329,A0054,H001,2025-03-17T07:18:00+00:00,CLINICAL_ASSESSMENT,Fictional assessment: Fever with circulatory instability. Examination documented; diagnostic evaluation requested.
N0330,A0054,H003,2025-03-17T10:00:00+00:00,TRANSFER,Fictional transfer from ED to MICU; responsible unit changed.
N0331,A0054,H003,2025-03-17T11:00:00+00:00,PROGRESS,Synthetic results reviewed; monitoring continues during this admission.
N0332,A0054,H003,2025-03-19T10:00:00+00:00,TRANSFER,Fictional transfer from MICU to ICU; responsible unit changed.
N0333,A0054,H003,2025-03-24T10:00:00+00:00,PROGRESS,Synthetic interval review: ongoing inpatient observation and reassessment.
N0334,A0054,H003,2025-03-27T22:00:00+00:00,TRANSFER,Fictional transfer from ICU to STEP; responsible unit changed.
N0335,A0054,H003,2025-03-31T13:00:00+00:00,DISCHARGE_SUMMARY,Fictional discharge summary: RECOVERY documented; follow-up arranged.
N0336,A0055,H001,2025-05-01T07:18:00+00:00,CLINICAL_ASSESSMENT,Fictional assessment: Sudden limb weakness. Examination documented; diagnostic evaluation requested.
N0337,A0055,H002,2025-05-01T11:00:00+00:00,PROGRESS,Synthetic results reviewed; monitoring continues during this admission.
N0338,A0055,H002,2025-05-01T12:00:00+00:00,TRANSFER,Fictional transfer from ED to NEUR; responsible unit changed.
N0339,A0055,H002,2025-05-04T01:00:00+00:00,PROGRESS,Synthetic interval review: ongoing inpatient observation and reassessment.
N0340,A0055,H002,2025-05-04T19:00:00+00:00,TRANSFER,Fictional transfer from NEUR to REHAB; responsible unit changed.
N0341,A0055,H002,2025-05-06T19:00:00+00:00,DISCHARGE_SUMMARY,Fictional discharge summary: ReCoVeRy documented; follow-up arranged.
N0342,A0056,H011,2025-02-02T07:18:00+00:00,CLINICAL_ASSESSMENT,Fictional assessment: Right upper abdominal pain. Examination documented; diagnostic evaluation requested.
N0343,A0056,H012,2025-02-02T11:00:00+00:00,PROGRESS,Synthetic results reviewed; monitoring continues during this admission.
N0344,A0056,H012,2025-02-02T11:00:00+00:00,TRANSFER,Fictional transfer from ED to SURG; responsible unit changed.
N0345,A0056,H014,2025-02-02T15:12:00+00:00,OPERATIVE,Fictional procedure completed: Laparoscopic cholecystectomy. Postoperative monitoring arranged.
N0346,A0056,H012,2025-02-03T22:00:00+00:00,PROGRESS,Synthetic interval review: ongoing inpatient observation and reassessment.
N0347,A0056,H012,2025-02-05T13:00:00+00:00,DISCHARGE_SUMMARY,Fictional discharge summary: recovery documented; follow-up arranged.
N0348,A0057,H011,2025-03-19T07:18:00+00:00,CLINICAL_ASSESSMENT,Fictional assessment: Severe breathing difficulty. Examination documented; diagnostic evaluation requested.
N0349,A0057,H013,2025-03-19T09:00:00+00:00,TRANSFER,Fictional transfer from ED to ICU; responsible unit changed.
N0350,A0057,H013,2025-03-19T11:00:00+00:00,PROGRESS,Synthetic results reviewed; monitoring continues during this admission.
N0351,A0057,H013,2025-03-25T13:00:00+00:00,PROGRESS,Synthetic interval review: ongoing inpatient observation and reassessment.
N0352,A0057,H013,2025-03-27T21:00:00+00:00,TRANSFER,Fictional transfer from ICU to MICU; responsible unit changed.
N0353,A0057,H013,2025-03-29T21:00:00+00:00,TRANSFER,Fictional transfer from MICU to MED; responsible unit changed.
N0354,A0057,H013,2025-03-31T19:00:00+00:00,DISCHARGE_SUMMARY,Fictional discharge summary: Recovery documented; follow-up arranged.
N0355,A0058,H021,2025-02-04T07:18:00+00:00,CLINICAL_ASSESSMENT,Fictional assessment: Hip pain after a fictional fall. Examination documented; diagnostic evaluation requested.
N0356,A0058,H022,2025-02-04T11:00:00+00:00,PROGRESS,Synthetic results reviewed; monitoring continues during this admission.
N0357,A0058,H022,2025-02-04T11:00:00+00:00,TRANSFER,Fictional transfer from ED to ORTH; responsible unit changed.
N0358,A0058,H025,2025-02-04T15:12:00+00:00,OPERATIVE,Fictional procedure completed: Internal fixation of hip fracture. Postoperative monitoring arranged.
N0359,A0058,H022,2025-02-07T13:00:00+00:00,PROGRESS,Synthetic interval review: ongoing inpatient observation and reassessment.
N0360,A0058,H022,2025-02-08T07:00:00+00:00,TRANSFER,Fictional transfer from ORTH to REHAB; responsible unit changed.
N0361,A0058,H022,2025-02-10T19:00:00+00:00,DISCHARGE_SUMMARY,Fictional discharge summary: RECOVERY documented; follow-up arranged.
N0362,A0059,H021,2025-03-21T07:18:00+00:00,CLINICAL_ASSESSMENT,Fictional assessment: Dizziness with reduced fluid intake. Examination documented; diagnostic evaluation requested.
N0363,A0059,H022,2025-03-21T11:00:00+00:00,PROGRESS,Synthetic results reviewed; monitoring continues during this admission.
N0364,A0059,H022,2025-03-21T12:00:00+00:00,TRANSFER,Fictional transfer from ED to MED; responsible unit changed.
N0365,A0059,H022,2025-03-21T19:00:00+00:00,PROGRESS,Synthetic interval review: ongoing inpatient observation and reassessment.
N0366,A0059,H022,2025-03-22T07:00:00+00:00,DISCHARGE_SUMMARY,Fictional discharge summary: ReCoVeRy documented; follow-up arranged.
N0367,A0060,H001,2025-02-06T07:18:00+00:00,CLINICAL_ASSESSMENT,Fictional assessment: Fever with circulatory instability. Examination documented; diagnostic evaluation requested.
N0368,A0060,H003,2025-02-06T10:00:00+00:00,TRANSFER,Fictional transfer from ED to MICU; responsible unit changed.
N0369,A0060,H003,2025-02-06T11:00:00+00:00,PROGRESS,Synthetic results reviewed; monitoring continues during this admission.
N0370,A0060,H003,2025-02-08T10:00:00+00:00,TRANSFER,Fictional transfer from MICU to ICU; responsible unit changed.
N0371,A0060,H003,2025-02-13T07:00:00+00:00,PROGRESS,Synthetic interval review: ongoing inpatient observation and reassessment.
N0372,A0060,H003,2025-02-16T22:00:00+00:00,TRANSFER,Fictional transfer from ICU to STEP; responsible unit changed.
N0373,A0060,H003,2025-02-20T07:00:00+00:00,DISCHARGE_SUMMARY,Fictional discharge summary: recovery documented; follow-up arranged.
N0374,A0061,H001,2025-03-23T07:18:00+00:00,CLINICAL_ASSESSMENT,Fictional assessment: Sudden limb weakness. Examination documented; diagnostic evaluation requested.
N0375,A0061,H002,2025-03-23T11:00:00+00:00,PROGRESS,Synthetic results reviewed; monitoring continues during this admission.
N0376,A0061,H002,2025-03-23T12:00:00+00:00,TRANSFER,Fictional transfer from ED to NEUR; responsible unit changed.
N0377,A0061,H002,2025-03-25T22:00:00+00:00,PROGRESS,Synthetic interval review: ongoing inpatient observation and reassessment.
N0378,A0061,H002,2025-03-26T19:00:00+00:00,TRANSFER,Fictional transfer from NEUR to REHAB; responsible unit changed.
N0379,A0061,H002,2025-03-28T13:00:00+00:00,DISCHARGE_SUMMARY,Fictional discharge summary: Recovery documented; follow-up arranged.
N0380,A0062,H011,2025-02-08T07:18:00+00:00,CLINICAL_ASSESSMENT,Fictional assessment: Severe breathing difficulty. Examination documented; diagnostic evaluation requested.
N0381,A0062,H013,2025-02-08T09:00:00+00:00,TRANSFER,Fictional transfer from ED to ICU; responsible unit changed.
N0382,A0062,H013,2025-02-08T11:00:00+00:00,PROGRESS,Synthetic results reviewed; monitoring continues during this admission.
N0383,A0062,H013,2025-02-14T10:00:00+00:00,PROGRESS,Synthetic interval review: ongoing inpatient observation and reassessment.
N0384,A0062,H013,2025-02-16T21:00:00+00:00,TRANSFER,Fictional transfer from ICU to MICU; responsible unit changed.
N0385,A0062,H013,2025-02-18T21:00:00+00:00,TRANSFER,Fictional transfer from MICU to MED; responsible unit changed.
N0386,A0062,H013,2025-02-20T13:00:00+00:00,DISCHARGE_SUMMARY,Fictional discharge summary: RECOVERY documented; follow-up arranged.
N0387,A0063,H011,2025-03-25T07:18:00+00:00,CLINICAL_ASSESSMENT,Fictional assessment: Lower-leg redness and swelling. Examination documented; diagnostic evaluation requested.
N0388,A0063,H012,2025-03-25T11:00:00+00:00,PROGRESS,Synthetic results reviewed; monitoring continues during this admission.
N0389,A0063,H012,2025-03-25T13:00:00+00:00,TRANSFER,Fictional transfer from ED to MED; responsible unit changed.
N0390,A0063,H012,2025-03-26T07:00:00+00:00,PROGRESS,Synthetic interval review: ongoing inpatient observation and reassessment.
N0391,A0063,H012,2025-03-27T07:00:00+00:00,DISCHARGE_SUMMARY,Fictional discharge summary: ReCoVeRy documented; follow-up arranged.
N0392,A0064,H021,2025-02-10T07:18:00+00:00,CLINICAL_ASSESSMENT,Fictional assessment: Dizziness with reduced fluid intake. Examination documented; diagnostic evaluation requested.
N0393,A0064,H022,2025-02-10T11:00:00+00:00,PROGRESS,Synthetic results reviewed; monitoring continues during this admission.
N0394,A0064,H022,2025-02-10T12:00:00+00:00,TRANSFER,Fictional transfer from ED to MED; responsible unit changed.
N0395,A0064,H022,2025-02-11T01:00:00+00:00,PROGRESS,Synthetic interval review: ongoing inpatient observation and reassessment.
N0396,A0064,H022,2025-02-11T19:00:00+00:00,DISCHARGE_SUMMARY,Fictional discharge summary: recovery documented; follow-up arranged.
N0397,A0065,H021,2025-03-27T07:18:00+00:00,CLINICAL_ASSESSMENT,Fictional assessment: Severe abdominal pain with systemic illness. Examination documented; diagnostic evaluation requested.
N0398,A0065,H022,2025-03-27T11:00:00+00:00,PROGRESS,Synthetic results reviewed; monitoring continues during this admission.
N0399,A0065,H022,2025-03-27T11:00:00+00:00,TRANSFER,Fictional transfer from ED to SURG; responsible unit changed.
N0400,A0065,H024,2025-03-27T15:12:00+00:00,OPERATIVE,Fictional procedure completed: Segmental colectomy. Postoperative monitoring arranged.
N0401,A0065,H022,2025-03-27T16:00:00+00:00,TRANSFER,Fictional transfer from SURG to SICU; responsible unit changed.
N0402,A0065,H022,2025-03-29T16:00:00+00:00,TRANSFER,Fictional transfer from SICU to ICU; responsible unit changed.
N0403,A0065,H022,2025-04-02T13:00:00+00:00,PROGRESS,Synthetic interval review: ongoing inpatient observation and reassessment.
N0404,A0065,H022,2025-04-06T16:00:00+00:00,TRANSFER,Fictional transfer from ICU to STEP; responsible unit changed.
N0405,A0065,H022,2025-04-07T16:00:00+00:00,TRANSFER,Fictional transfer from STEP to SURG; responsible unit changed.
N0406,A0065,H022,2025-04-08T19:00:00+00:00,DISCHARGE_SUMMARY,Fictional discharge summary: Recovery documented; follow-up arranged.
N0407,A0066,H001,2025-02-12T07:18:00+00:00,CLINICAL_ASSESSMENT,Fictional assessment: Sudden limb weakness. Examination documented; diagnostic evaluation requested.
N0408,A0066,H002,2025-02-12T11:00:00+00:00,PROGRESS,Synthetic results reviewed; monitoring continues during this admission.
N0409,A0066,H002,2025-02-12T12:00:00+00:00,TRANSFER,Fictional transfer from ED to NEUR; responsible unit changed.
N0410,A0066,H002,2025-02-14T19:00:00+00:00,PROGRESS,Synthetic interval review: ongoing inpatient observation and reassessment.
N0411,A0066,H002,2025-02-15T19:00:00+00:00,TRANSFER,Fictional transfer from NEUR to REHAB; responsible unit changed.
N0412,A0066,H002,2025-02-17T07:00:00+00:00,DISCHARGE_SUMMARY,Fictional discharge summary: RECOVERY documented; follow-up arranged.
N0413,A0067,H001,2025-03-29T07:18:00+00:00,CLINICAL_ASSESSMENT,Fictional assessment: Breathlessness with leg swelling. Examination documented; diagnostic evaluation requested.
N0414,A0067,H002,2025-03-29T11:00:00+00:00,PROGRESS,Synthetic results reviewed; monitoring continues during this admission.
N0415,A0067,H002,2025-03-29T12:00:00+00:00,TRANSFER,Fictional transfer from ED to CARD; responsible unit changed.
N0416,A0067,H002,2025-03-31T10:00:00+00:00,PROGRESS,Synthetic interval review: ongoing inpatient observation and reassessment.
N0417,A0067,H002,2025-04-02T13:00:00+00:00,DISCHARGE_SUMMARY,Fictional discharge summary: ReCoVeRy documented; follow-up arranged.
N0418,A0068,H011,2025-02-14T07:18:00+00:00,CLINICAL_ASSESSMENT,Fictional assessment: Lower-leg redness and swelling. Examination documented; diagnostic evaluation requested.
N0419,A0068,H012,2025-02-14T11:00:00+00:00,PROGRESS,Synthetic results reviewed; monitoring continues during this admission.
N0420,A0068,H012,2025-02-14T13:00:00+00:00,TRANSFER,Fictional transfer from ED to MED; responsible unit changed.
N0421,A0068,H012,2025-02-15T04:00:00+00:00,PROGRESS,Synthetic interval review: ongoing inpatient observation and reassessment.
N0422,A0068,H012,2025-02-16T01:00:00+00:00,DISCHARGE_SUMMARY,Fictional discharge summary: recovery documented; follow-up arranged.
N0423,A0069,H011,2025-03-31T07:18:00+00:00,CLINICAL_ASSESSMENT,Fictional assessment: Fever and shortness of breath. Examination documented; diagnostic evaluation requested.
N0424,A0069,H012,2025-03-31T11:00:00+00:00,PROGRESS,Synthetic results reviewed; monitoring continues during this admission.
N0425,A0069,H012,2025-03-31T13:00:00+00:00,TRANSFER,Fictional transfer from ED to MED; responsible unit changed.
N0426,A0069,H012,2025-04-02T07:00:00+00:00,PROGRESS,Synthetic interval review: ongoing inpatient observation and reassessment.
N0427,A0069,H012,2025-04-04T07:00:00+00:00,DISCHARGE_SUMMARY,Fictional discharge summary: Recovery documented; follow-up arranged.
N0428,A0070,H021,2025-02-16T07:18:00+00:00,CLINICAL_ASSESSMENT,Fictional assessment: Severe abdominal pain with systemic illness. Examination documented; diagnostic evaluation requested.
N0429,A0070,H022,2025-02-16T11:00:00+00:00,PROGRESS,Synthetic results reviewed; monitoring continues during this admission.
N0430,A0070,H022,2025-02-16T11:00:00+00:00,TRANSFER,Fictional transfer from ED to SURG; responsible unit changed.
N0431,A0070,H024,2025-02-16T15:12:00+00:00,OPERATIVE,Fictional procedure completed: Segmental colectomy. Postoperative monitoring arranged.
N0432,A0070,H022,2025-02-16T16:00:00+00:00,TRANSFER,Fictional transfer from SURG to SICU; responsible unit changed.
N0433,A0070,H022,2025-02-18T16:00:00+00:00,TRANSFER,Fictional transfer from SICU to ICU; responsible unit changed.
N0434,A0070,H022,2025-02-22T19:00:00+00:00,PROGRESS,Synthetic interval review: ongoing inpatient observation and reassessment.
N0435,A0070,H022,2025-02-26T16:00:00+00:00,TRANSFER,Fictional transfer from ICU to STEP; responsible unit changed.
N0436,A0070,H022,2025-02-27T16:00:00+00:00,TRANSFER,Fictional transfer from STEP to SURG; responsible unit changed.
N0437,A0070,H022,2025-03-01T07:00:00+00:00,DISCHARGE_SUMMARY,Fictional discharge summary: RECOVERY documented; follow-up arranged.
N0438,A0071,H021,2025-04-02T07:18:00+00:00,CLINICAL_ASSESSMENT,Fictional assessment: Acute chest discomfort. Examination documented; diagnostic evaluation requested.
N0439,A0071,H023,2025-04-02T10:00:00+00:00,TRANSFER,Fictional transfer from ED to CCU; responsible unit changed.
N0440,A0071,H023,2025-04-02T11:00:00+00:00,PROGRESS,Synthetic results reviewed; monitoring continues during this admission.
N0441,A0071,H023,2025-04-07T19:00:00+00:00,PROGRESS,Synthetic interval review: ongoing inpatient observation and reassessment.
N0442,A0071,H023,2025-04-10T22:00:00+00:00,TRANSFER,Fictional transfer from CCU to CARD; responsible unit changed.
N0443,A0071,H023,2025-04-13T07:00:00+00:00,DISCHARGE_SUMMARY,Fictional discharge summary: ReCoVeRy documented; follow-up arranged.
N0444,A0072,H001,2025-02-18T07:18:00+00:00,CLINICAL_ASSESSMENT,Fictional assessment: Breathlessness with leg swelling. Examination documented; diagnostic evaluation requested.
N0445,A0072,H002,2025-02-18T11:00:00+00:00,PROGRESS,Synthetic results reviewed; monitoring continues during this admission.
N0446,A0072,H002,2025-02-18T12:00:00+00:00,TRANSFER,Fictional transfer from ED to CARD; responsible unit changed.
N0447,A0072,H002,2025-02-20T07:00:00+00:00,PROGRESS,Synthetic interval review: ongoing inpatient observation and reassessment.
N0448,A0072,H002,2025-02-22T07:00:00+00:00,DISCHARGE_SUMMARY,Fictional discharge summary: recovery documented; follow-up arranged.
N0449,A0073,H001,2025-04-04T07:18:00+00:00,CLINICAL_ASSESSMENT,Fictional assessment: Right lower abdominal pain. Examination documented; diagnostic evaluation requested.
N0450,A0073,H002,2025-04-04T11:00:00+00:00,PROGRESS,Synthetic results reviewed; monitoring continues during this admission.
N0451,A0073,H002,2025-04-04T11:00:00+00:00,TRANSFER,Fictional transfer from ED to SURG; responsible unit changed.
N0452,A0073,H004,2025-04-04T15:12:00+00:00,OPERATIVE,Fictional procedure completed: Laparoscopic appendectomy. Postoperative monitoring arranged.
N0453,A0073,H002,2025-04-05T16:00:00+00:00,PROGRESS,Synthetic interval review: ongoing inpatient observation and reassessment.
N0454,A0073,H002,2025-04-07T01:00:00+00:00,DISCHARGE_SUMMARY,Fictional discharge summary: Recovery documented; follow-up arranged.
N0455,A0074,H011,2025-02-20T07:18:00+00:00,CLINICAL_ASSESSMENT,Fictional assessment: Fever and shortness of breath. Examination documented; diagnostic evaluation requested.
N0456,A0074,H012,2025-02-20T11:00:00+00:00,PROGRESS,Synthetic results reviewed; monitoring continues during this admission.
N0457,A0074,H012,2025-02-20T13:00:00+00:00,TRANSFER,Fictional transfer from ED to MED; responsible unit changed.
N0458,A0074,H012,2025-02-22T04:00:00+00:00,PROGRESS,Synthetic interval review: ongoing inpatient observation and reassessment.
N0459,A0074,H012,2025-02-24T01:00:00+00:00,DISCHARGE_SUMMARY,Fictional discharge summary: RECOVERY documented; follow-up arranged.
N0460,A0075,H011,2025-04-06T07:18:00+00:00,CLINICAL_ASSESSMENT,Fictional assessment: Right upper abdominal pain. Examination documented; diagnostic evaluation requested.
N0461,A0075,H012,2025-04-06T11:00:00+00:00,PROGRESS,Synthetic results reviewed; monitoring continues during this admission.
N0462,A0075,H012,2025-04-06T11:00:00+00:00,TRANSFER,Fictional transfer from ED to SURG; responsible unit changed.
N0463,A0075,H014,2025-04-06T15:12:00+00:00,OPERATIVE,Fictional procedure completed: Laparoscopic cholecystectomy. Postoperative monitoring arranged.
N0464,A0075,H012,2025-04-08T01:00:00+00:00,PROGRESS,Synthetic interval review: ongoing inpatient observation and reassessment.
N0465,A0075,H012,2025-04-09T19:00:00+00:00,DISCHARGE_SUMMARY,Fictional discharge summary: ReCoVeRy documented; follow-up arranged.
N0466,A0076,H021,2025-02-22T07:18:00+00:00,CLINICAL_ASSESSMENT,Fictional assessment: Acute chest discomfort. Examination documented; diagnostic evaluation requested.
N0467,A0076,H023,2025-02-22T10:00:00+00:00,TRANSFER,Fictional transfer from ED to CCU; responsible unit changed.
N0468,A0076,H023,2025-02-22T11:00:00+00:00,PROGRESS,Synthetic results reviewed; monitoring continues during this admission.
N0469,A0076,H023,2025-02-28T01:00:00+00:00,PROGRESS,Synthetic interval review: ongoing inpatient observation and reassessment.
N0470,A0076,H023,2025-03-02T22:00:00+00:00,TRANSFER,Fictional transfer from CCU to CARD; responsible unit changed.
N0471,A0076,H023,2025-03-05T19:00:00+00:00,DISCHARGE_SUMMARY,Fictional discharge summary: recovery documented; follow-up arranged.
N0472,A0077,H021,2025-04-08T07:18:00+00:00,CLINICAL_ASSESSMENT,Fictional assessment: Hip pain after a fictional fall. Examination documented; diagnostic evaluation requested.
N0473,A0077,H022,2025-04-08T11:00:00+00:00,PROGRESS,Synthetic results reviewed; monitoring continues during this admission.
N0474,A0077,H022,2025-04-08T11:00:00+00:00,TRANSFER,Fictional transfer from ED to ORTH; responsible unit changed.
N0475,A0077,H025,2025-04-08T15:12:00+00:00,OPERATIVE,Fictional procedure completed: Internal fixation of hip fracture. Postoperative monitoring arranged.
N0476,A0077,H022,2025-04-11T07:00:00+00:00,PROGRESS,Synthetic interval review: ongoing inpatient observation and reassessment.
N0477,A0077,H022,2025-04-12T07:00:00+00:00,TRANSFER,Fictional transfer from ORTH to REHAB; responsible unit changed.
N0478,A0077,H022,2025-04-14T07:00:00+00:00,DISCHARGE_SUMMARY,Fictional discharge summary: Recovery documented; follow-up arranged.
N0479,A0078,H001,2025-02-24T07:18:00+00:00,CLINICAL_ASSESSMENT,Fictional assessment: Right lower abdominal pain. Examination documented; diagnostic evaluation requested.
N0480,A0078,H002,2025-02-24T11:00:00+00:00,PROGRESS,Synthetic results reviewed; monitoring continues during this admission.
N0481,A0078,H002,2025-02-24T11:00:00+00:00,TRANSFER,Fictional transfer from ED to SURG; responsible unit changed.
N0482,A0078,H004,2025-02-24T15:12:00+00:00,OPERATIVE,Fictional procedure completed: Laparoscopic appendectomy. Postoperative monitoring arranged.
N0483,A0078,H002,2025-02-25T13:00:00+00:00,PROGRESS,Synthetic interval review: ongoing inpatient observation and reassessment.
N0484,A0078,H002,2025-02-26T19:00:00+00:00,DISCHARGE_SUMMARY,Fictional discharge summary: RECOVERY documented; follow-up arranged.
N0485,A0079,H001,2025-04-10T07:18:00+00:00,CLINICAL_ASSESSMENT,Fictional assessment: Fever with circulatory instability. Examination documented; diagnostic evaluation requested.
N0486,A0079,H003,2025-04-10T10:00:00+00:00,TRANSFER,Fictional transfer from ED to MICU; responsible unit changed.
N0487,A0079,H003,2025-04-10T11:00:00+00:00,PROGRESS,Synthetic results reviewed; monitoring continues during this admission.
N0488,A0079,H003,2025-04-12T10:00:00+00:00,TRANSFER,Fictional transfer from MICU to ICU; responsible unit changed.
N0489,A0079,H003,2025-04-17T10:00:00+00:00,PROGRESS,Synthetic interval review: ongoing inpatient observation and reassessment.
N0490,A0079,H003,2025-04-20T22:00:00+00:00,TRANSFER,Fictional transfer from ICU to STEP; responsible unit changed.
N0491,A0079,H003,2025-04-24T13:00:00+00:00,DISCHARGE_SUMMARY,Fictional discharge summary: ReCoVeRy documented; follow-up arranged.
N0492,A0080,H011,2025-02-26T07:18:00+00:00,CLINICAL_ASSESSMENT,Fictional assessment: Right upper abdominal pain. Examination documented; diagnostic evaluation requested.
N0493,A0080,H012,2025-02-26T11:00:00+00:00,PROGRESS,Synthetic results reviewed; monitoring continues during this admission.
N0494,A0080,H012,2025-02-26T11:00:00+00:00,TRANSFER,Fictional transfer from ED to SURG; responsible unit changed.
N0495,A0080,H014,2025-02-26T15:12:00+00:00,OPERATIVE,Fictional procedure completed: Laparoscopic cholecystectomy. Postoperative monitoring arranged.
N0496,A0080,H012,2025-02-27T22:00:00+00:00,PROGRESS,Synthetic interval review: ongoing inpatient observation and reassessment.
N0497,A0080,H012,2025-03-01T13:00:00+00:00,DISCHARGE_SUMMARY,Fictional discharge summary: recovery documented; follow-up arranged.
N0498,A0081,H011,2025-04-12T07:18:00+00:00,CLINICAL_ASSESSMENT,Fictional assessment: Severe breathing difficulty. Examination documented; diagnostic evaluation requested.
N0499,A0081,H013,2025-04-12T09:00:00+00:00,TRANSFER,Fictional transfer from ED to ICU; responsible unit changed.
N0500,A0081,H013,2025-04-12T11:00:00+00:00,PROGRESS,Synthetic results reviewed; monitoring continues during this admission.
N0501,A0081,H013,2025-04-18T13:00:00+00:00,PROGRESS,Synthetic interval review: ongoing inpatient observation and reassessment.
N0502,A0081,H013,2025-04-20T21:00:00+00:00,TRANSFER,Fictional transfer from ICU to MICU; responsible unit changed.
N0503,A0081,H013,2025-04-22T21:00:00+00:00,TRANSFER,Fictional transfer from MICU to MED; responsible unit changed.
N0504,A0081,H013,2025-04-24T19:00:00+00:00,DISCHARGE_SUMMARY,Fictional discharge summary: Recovery documented; follow-up arranged.
N0505,A0082,H021,2025-02-28T07:18:00+00:00,CLINICAL_ASSESSMENT,Fictional assessment: Hip pain after a fictional fall. Examination documented; diagnostic evaluation requested.
N0506,A0082,H022,2025-02-28T11:00:00+00:00,PROGRESS,Synthetic results reviewed; monitoring continues during this admission.
N0507,A0082,H022,2025-02-28T11:00:00+00:00,TRANSFER,Fictional transfer from ED to ORTH; responsible unit changed.
N0508,A0082,H025,2025-02-28T15:12:00+00:00,OPERATIVE,Fictional procedure completed: Internal fixation of hip fracture. Postoperative monitoring arranged.
N0509,A0082,H022,2025-03-03T13:00:00+00:00,PROGRESS,Synthetic interval review: ongoing inpatient observation and reassessment.
N0510,A0082,H022,2025-03-04T07:00:00+00:00,TRANSFER,Fictional transfer from ORTH to REHAB; responsible unit changed.
N0511,A0082,H022,2025-03-06T19:00:00+00:00,DISCHARGE_SUMMARY,Fictional discharge summary: RECOVERY documented; follow-up arranged.
N0512,A0083,H021,2025-04-14T07:18:00+00:00,CLINICAL_ASSESSMENT,Fictional assessment: Dizziness with reduced fluid intake. Examination documented; diagnostic evaluation requested.
N0513,A0083,H022,2025-04-14T11:00:00+00:00,PROGRESS,Synthetic results reviewed; monitoring continues during this admission.
N0514,A0083,H022,2025-04-14T12:00:00+00:00,TRANSFER,Fictional transfer from ED to MED; responsible unit changed.
N0515,A0083,H022,2025-04-14T19:00:00+00:00,PROGRESS,Synthetic interval review: ongoing inpatient observation and reassessment.
N0516,A0083,H022,2025-04-15T07:00:00+00:00,DISCHARGE_SUMMARY,Fictional discharge summary: ReCoVeRy documented; follow-up arranged.
N0517,A0084,H001,2025-03-02T07:18:00+00:00,CLINICAL_ASSESSMENT,Fictional assessment: Fever with circulatory instability. Examination documented; diagnostic evaluation requested.
N0518,A0084,H003,2025-03-02T10:00:00+00:00,TRANSFER,Fictional transfer from ED to MICU; responsible unit changed.
N0519,A0084,H003,2025-03-02T11:00:00+00:00,PROGRESS,Synthetic results reviewed; monitoring continues during this admission.
N0520,A0084,H003,2025-03-04T10:00:00+00:00,TRANSFER,Fictional transfer from MICU to ICU; responsible unit changed.
N0521,A0084,H003,2025-03-09T07:00:00+00:00,PROGRESS,Synthetic interval review: ongoing inpatient observation and reassessment.
N0522,A0084,H003,2025-03-12T22:00:00+00:00,TRANSFER,Fictional transfer from ICU to STEP; responsible unit changed.
N0523,A0084,H003,2025-03-16T07:00:00+00:00,DISCHARGE_SUMMARY,Fictional discharge summary: recovery documented; follow-up arranged.
N0524,A0085,H001,2025-04-16T07:18:00+00:00,CLINICAL_ASSESSMENT,Fictional assessment: Sudden limb weakness. Examination documented; diagnostic evaluation requested.
N0525,A0085,H002,2025-04-16T11:00:00+00:00,PROGRESS,Synthetic results reviewed; monitoring continues during this admission.
N0526,A0085,H002,2025-04-16T12:00:00+00:00,TRANSFER,Fictional transfer from ED to NEUR; responsible unit changed.
N0527,A0085,H002,2025-04-18T22:00:00+00:00,PROGRESS,Synthetic interval review: ongoing inpatient observation and reassessment.
N0528,A0085,H002,2025-04-19T19:00:00+00:00,TRANSFER,Fictional transfer from NEUR to REHAB; responsible unit changed.
N0529,A0085,H002,2025-04-21T13:00:00+00:00,DISCHARGE_SUMMARY,Fictional discharge summary: Recovery documented; follow-up arranged.
N0530,A0086,H011,2025-03-04T07:18:00+00:00,CLINICAL_ASSESSMENT,Fictional assessment: Severe breathing difficulty. Examination documented; diagnostic evaluation requested.
N0531,A0086,H013,2025-03-04T09:00:00+00:00,TRANSFER,Fictional transfer from ED to ICU; responsible unit changed.
N0532,A0086,H013,2025-03-04T11:00:00+00:00,PROGRESS,Synthetic results reviewed; monitoring continues during this admission.
N0533,A0086,H013,2025-03-10T10:00:00+00:00,PROGRESS,Synthetic interval review: ongoing inpatient observation and reassessment.
N0534,A0086,H013,2025-03-12T21:00:00+00:00,TRANSFER,Fictional transfer from ICU to MICU; responsible unit changed.
N0535,A0086,H013,2025-03-14T21:00:00+00:00,TRANSFER,Fictional transfer from MICU to MED; responsible unit changed.
N0536,A0086,H013,2025-03-16T13:00:00+00:00,DISCHARGE_SUMMARY,Fictional discharge summary: RECOVERY documented; follow-up arranged.
N0537,A0087,H011,2025-04-18T07:18:00+00:00,CLINICAL_ASSESSMENT,Fictional assessment: Lower-leg redness and swelling. Examination documented; diagnostic evaluation requested.
N0538,A0087,H012,2025-04-18T11:00:00+00:00,PROGRESS,Synthetic results reviewed; monitoring continues during this admission.
N0539,A0087,H012,2025-04-18T13:00:00+00:00,TRANSFER,Fictional transfer from ED to MED; responsible unit changed.
N0540,A0087,H012,2025-04-19T07:00:00+00:00,PROGRESS,Synthetic interval review: ongoing inpatient observation and reassessment.
N0541,A0087,H012,2025-04-20T07:00:00+00:00,DISCHARGE_SUMMARY,Fictional discharge summary: ReCoVeRy documented; follow-up arranged.
N0542,A0088,H021,2025-03-06T07:18:00+00:00,CLINICAL_ASSESSMENT,Fictional assessment: Dizziness with reduced fluid intake. Examination documented; diagnostic evaluation requested.
N0543,A0088,H022,2025-03-06T11:00:00+00:00,PROGRESS,Synthetic results reviewed; monitoring continues during this admission.
N0544,A0088,H022,2025-03-06T12:00:00+00:00,TRANSFER,Fictional transfer from ED to MED; responsible unit changed.
N0545,A0088,H022,2025-03-07T01:00:00+00:00,PROGRESS,Synthetic interval review: ongoing inpatient observation and reassessment.
N0546,A0088,H022,2025-03-07T19:00:00+00:00,DISCHARGE_SUMMARY,Fictional discharge summary: recovery documented; follow-up arranged.
N0547,A0089,H021,2025-04-20T07:18:00+00:00,CLINICAL_ASSESSMENT,Fictional assessment: Severe abdominal pain with systemic illness. Examination documented; diagnostic evaluation requested.
N0548,A0089,H022,2025-04-20T11:00:00+00:00,PROGRESS,Synthetic results reviewed; monitoring continues during this admission.
N0549,A0089,H022,2025-04-20T11:00:00+00:00,TRANSFER,Fictional transfer from ED to SURG; responsible unit changed.
N0550,A0089,H024,2025-04-20T15:12:00+00:00,OPERATIVE,Fictional procedure completed: Segmental colectomy. Postoperative monitoring arranged.
N0551,A0089,H022,2025-04-20T16:00:00+00:00,TRANSFER,Fictional transfer from SURG to SICU; responsible unit changed.
N0552,A0089,H022,2025-04-22T16:00:00+00:00,TRANSFER,Fictional transfer from SICU to ICU; responsible unit changed.
N0553,A0089,H022,2025-04-26T13:00:00+00:00,PROGRESS,Synthetic interval review: ongoing inpatient observation and reassessment.
N0554,A0089,H022,2025-04-30T16:00:00+00:00,TRANSFER,Fictional transfer from ICU to STEP; responsible unit changed.
N0555,A0089,H022,2025-05-01T16:00:00+00:00,TRANSFER,Fictional transfer from STEP to SURG; responsible unit changed.
N0556,A0089,H022,2025-05-02T19:00:00+00:00,DISCHARGE_SUMMARY,Fictional discharge summary: Recovery documented; follow-up arranged.
N0557,A0090,H001,2025-03-08T07:18:00+00:00,CLINICAL_ASSESSMENT,Fictional assessment: Sudden limb weakness. Examination documented; diagnostic evaluation requested.
N0558,A0090,H002,2025-03-08T11:00:00+00:00,PROGRESS,Synthetic results reviewed; monitoring continues during this admission.
N0559,A0090,H002,2025-03-08T12:00:00+00:00,TRANSFER,Fictional transfer from ED to NEUR; responsible unit changed.
N0560,A0090,H002,2025-03-10T19:00:00+00:00,PROGRESS,Synthetic interval review: ongoing inpatient observation and reassessment.
N0561,A0090,H002,2025-03-11T19:00:00+00:00,TRANSFER,Fictional transfer from NEUR to REHAB; responsible unit changed.
N0562,A0090,H002,2025-03-13T07:00:00+00:00,DISCHARGE_SUMMARY,Fictional discharge summary: RECOVERY documented; follow-up arranged.
N0563,A0091,H001,2025-04-22T07:18:00+00:00,CLINICAL_ASSESSMENT,Fictional assessment: Severe breathing difficulty. Examination documented; diagnostic evaluation requested.
N0564,A0091,H003,2025-04-22T09:00:00+00:00,TRANSFER,Fictional transfer from ED to ICU; responsible unit changed.
N0565,A0091,H003,2025-04-22T11:00:00+00:00,PROGRESS,Synthetic results reviewed; monitoring continues during this admission.
N0566,A0091,H003,2025-04-28T10:00:00+00:00,PROGRESS,Synthetic interval review: ongoing inpatient observation and reassessment.
N0567,A0091,H003,2025-04-30T21:00:00+00:00,TRANSFER,Fictional transfer from ICU to MICU; responsible unit changed.
N0568,A0091,H003,2025-05-02T21:00:00+00:00,TRANSFER,Fictional transfer from MICU to MED; responsible unit changed.
N0569,A0091,H003,2025-05-04T13:00:00+00:00,DISCHARGE_SUMMARY,Fictional episode ended with in-hospital death; family discussion documented.
N0570,A0092,H011,2025-03-10T07:18:00+00:00,CLINICAL_ASSESSMENT,Fictional assessment: Lower-leg redness and swelling. Examination documented; diagnostic evaluation requested.
N0571,A0092,H012,2025-03-10T11:00:00+00:00,PROGRESS,Synthetic results reviewed; monitoring continues during this admission.
N0572,A0092,H012,2025-03-10T13:00:00+00:00,TRANSFER,Fictional transfer from ED to MED; responsible unit changed.
N0573,A0092,H012,2025-03-11T04:00:00+00:00,PROGRESS,Synthetic interval review: ongoing inpatient observation and reassessment.
N0574,A0092,H012,2025-03-12T01:00:00+00:00,DISCHARGE_SUMMARY,Fictional discharge summary: recovery documented; follow-up arranged.
N0575,A0093,H011,2025-04-24T07:18:00+00:00,CLINICAL_ASSESSMENT,Fictional assessment: Fever and shortness of breath. Examination documented; diagnostic evaluation requested.
N0576,A0093,H012,2025-04-24T11:00:00+00:00,PROGRESS,Synthetic results reviewed; monitoring continues during this admission.
N0577,A0093,H012,2025-04-24T13:00:00+00:00,TRANSFER,Fictional transfer from ED to MED; responsible unit changed.
N0578,A0093,H012,2025-04-26T07:00:00+00:00,PROGRESS,Synthetic interval review: ongoing inpatient observation and reassessment.
N0579,A0093,H012,2025-04-28T07:00:00+00:00,DISCHARGE_SUMMARY,Fictional discharge summary: Recovery documented; follow-up arranged.
N0580,A0094,H021,2025-03-12T07:18:00+00:00,CLINICAL_ASSESSMENT,Fictional assessment: Severe abdominal pain with systemic illness. Examination documented; diagnostic evaluation requested.
N0581,A0094,H022,2025-03-12T11:00:00+00:00,PROGRESS,Synthetic results reviewed; monitoring continues during this admission.
N0582,A0094,H022,2025-03-12T11:00:00+00:00,TRANSFER,Fictional transfer from ED to SURG; responsible unit changed.
N0583,A0094,H024,2025-03-12T15:12:00+00:00,OPERATIVE,Fictional procedure completed: Segmental colectomy. Postoperative monitoring arranged.
N0584,A0094,H022,2025-03-12T16:00:00+00:00,TRANSFER,Fictional transfer from SURG to SICU; responsible unit changed.
N0585,A0094,H022,2025-03-14T16:00:00+00:00,TRANSFER,Fictional transfer from SICU to ICU; responsible unit changed.
N0586,A0094,H022,2025-03-18T19:00:00+00:00,PROGRESS,Synthetic interval review: ongoing inpatient observation and reassessment.
N0587,A0094,H022,2025-03-22T16:00:00+00:00,TRANSFER,Fictional transfer from ICU to STEP; responsible unit changed.
N0588,A0094,H022,2025-03-23T16:00:00+00:00,TRANSFER,Fictional transfer from STEP to SURG; responsible unit changed.
N0589,A0094,H022,2025-03-25T07:00:00+00:00,DISCHARGE_SUMMARY,Fictional discharge summary: RECOVERY documented; follow-up arranged.
N0590,A0095,H021,2025-04-26T07:18:00+00:00,CLINICAL_ASSESSMENT,Fictional assessment: Acute chest discomfort. Examination documented; diagnostic evaluation requested.
N0591,A0095,H023,2025-04-26T10:00:00+00:00,TRANSFER,Fictional transfer from ED to CCU; responsible unit changed.
N0592,A0095,H023,2025-04-26T11:00:00+00:00,PROGRESS,Synthetic results reviewed; monitoring continues during this admission.
N0593,A0095,H023,2025-05-01T19:00:00+00:00,PROGRESS,Synthetic interval review: ongoing inpatient observation and reassessment.
N0594,A0095,H023,2025-05-04T22:00:00+00:00,TRANSFER,Fictional transfer from CCU to CARD; responsible unit changed.
N0595,A0095,H023,2025-05-07T07:00:00+00:00,DISCHARGE_SUMMARY,Fictional discharge summary: ReCoVeRy documented; follow-up arranged.
N0596,A0096,H001,2025-03-14T07:18:00+00:00,CLINICAL_ASSESSMENT,Fictional assessment: Breathlessness with leg swelling. Examination documented; diagnostic evaluation requested.
N0597,A0096,H002,2025-03-14T11:00:00+00:00,PROGRESS,Synthetic results reviewed; monitoring continues during this admission.
N0598,A0096,H002,2025-03-14T12:00:00+00:00,TRANSFER,Fictional transfer from ED to CARD; responsible unit changed.
N0599,A0096,H002,2025-03-16T07:00:00+00:00,PROGRESS,Synthetic interval review: ongoing inpatient observation and reassessment.
N0600,A0096,H002,2025-03-18T07:00:00+00:00,DISCHARGE_SUMMARY,Fictional discharge summary: recovery documented; follow-up arranged.
N0601,A0097,H001,2025-04-28T07:18:00+00:00,CLINICAL_ASSESSMENT,Fictional assessment: Right lower abdominal pain. Examination documented; diagnostic evaluation requested.
N0602,A0097,H002,2025-04-28T11:00:00+00:00,PROGRESS,Synthetic results reviewed; monitoring continues during this admission.
N0603,A0097,H002,2025-04-28T11:00:00+00:00,TRANSFER,Fictional transfer from ED to SURG; responsible unit changed.
N0604,A0097,H004,2025-04-28T15:12:00+00:00,OPERATIVE,Fictional procedure completed: Laparoscopic appendectomy. Postoperative monitoring arranged.
N0605,A0097,H002,2025-04-29T16:00:00+00:00,PROGRESS,Synthetic interval review: ongoing inpatient observation and reassessment.
N0606,A0097,H002,2025-05-01T01:00:00+00:00,DISCHARGE_SUMMARY,Fictional discharge summary: Recovery documented; follow-up arranged.
N0607,A0098,H011,2025-03-16T07:18:00+00:00,CLINICAL_ASSESSMENT,Fictional assessment: Fever and shortness of breath. Examination documented; diagnostic evaluation requested.
N0608,A0098,H012,2025-03-16T11:00:00+00:00,PROGRESS,Synthetic results reviewed; monitoring continues during this admission.
N0609,A0098,H012,2025-03-16T13:00:00+00:00,TRANSFER,Fictional transfer from ED to MED; responsible unit changed.
N0610,A0098,H012,2025-03-18T04:00:00+00:00,PROGRESS,Synthetic interval review: ongoing inpatient observation and reassessment.
N0611,A0098,H012,2025-03-20T01:00:00+00:00,DISCHARGE_SUMMARY,Fictional discharge summary: RECOVERY documented; follow-up arranged.
N0612,A0099,H011,2025-04-30T07:18:00+00:00,CLINICAL_ASSESSMENT,Fictional assessment: Right upper abdominal pain. Examination documented; diagnostic evaluation requested.
N0613,A0099,H012,2025-04-30T11:00:00+00:00,PROGRESS,Synthetic results reviewed; monitoring continues during this admission.
N0614,A0099,H012,2025-04-30T11:00:00+00:00,TRANSFER,Fictional transfer from ED to SURG; responsible unit changed.
N0615,A0099,H014,2025-04-30T15:12:00+00:00,OPERATIVE,Fictional procedure completed: Laparoscopic cholecystectomy. Postoperative monitoring arranged.
N0616,A0099,H012,2025-05-02T01:00:00+00:00,PROGRESS,Synthetic interval review: ongoing inpatient observation and reassessment.
N0617,A0099,H012,2025-05-03T19:00:00+00:00,DISCHARGE_SUMMARY,Fictional discharge summary: ReCoVeRy documented; follow-up arranged.
N0618,A0100,H021,2025-03-18T07:18:00+00:00,CLINICAL_ASSESSMENT,Fictional assessment: Acute chest discomfort. Examination documented; diagnostic evaluation requested.
N0619,A0100,H023,2025-03-18T10:00:00+00:00,TRANSFER,Fictional transfer from ED to CCU; responsible unit changed.
N0620,A0100,H023,2025-03-18T11:00:00+00:00,PROGRESS,Synthetic results reviewed; monitoring continues during this admission.
N0621,A0100,H023,2025-03-24T01:00:00+00:00,PROGRESS,Synthetic interval review: ongoing inpatient observation and reassessment.
N0622,A0100,H023,2025-03-26T22:00:00+00:00,TRANSFER,Fictional transfer from CCU to CARD; responsible unit changed.
N0623,A0100,H023,2025-03-29T19:00:00+00:00,DISCHARGE_SUMMARY,Fictional discharge summary: recovery documented; follow-up arranged.
N0624,A0101,H021,2025-05-02T07:18:00+00:00,CLINICAL_ASSESSMENT,Fictional assessment: Hip pain after a fictional fall. Examination documented; diagnostic evaluation requested.
N0625,A0101,H022,2025-05-02T11:00:00+00:00,PROGRESS,Synthetic results reviewed; monitoring continues during this admission.
N0626,A0101,H022,2025-05-02T11:00:00+00:00,TRANSFER,Fictional transfer from ED to ORTH; responsible unit changed.
N0627,A0101,H025,2025-05-02T15:12:00+00:00,OPERATIVE,Fictional procedure completed: Internal fixation of hip fracture. Postoperative monitoring arranged.
N0628,A0101,H022,2025-05-05T07:00:00+00:00,PROGRESS,Synthetic interval review: ongoing inpatient observation and reassessment.
N0629,A0101,H022,2025-05-06T07:00:00+00:00,TRANSFER,Fictional transfer from ORTH to REHAB; responsible unit changed.
N0630,A0101,H022,2025-05-08T07:00:00+00:00,DISCHARGE_SUMMARY,Fictional discharge summary: Recovery documented; follow-up arranged.
N0631,A0102,H001,2025-03-20T07:18:00+00:00,CLINICAL_ASSESSMENT,Fictional assessment: Right lower abdominal pain. Examination documented; diagnostic evaluation requested.
N0632,A0102,H002,2025-03-20T11:00:00+00:00,PROGRESS,Synthetic results reviewed; monitoring continues during this admission.
N0633,A0102,H002,2025-03-20T11:00:00+00:00,TRANSFER,Fictional transfer from ED to SURG; responsible unit changed.
N0634,A0102,H004,2025-03-20T15:12:00+00:00,OPERATIVE,Fictional procedure completed: Laparoscopic appendectomy. Postoperative monitoring arranged.
N0635,A0102,H002,2025-03-21T13:00:00+00:00,PROGRESS,Synthetic interval review: ongoing inpatient observation and reassessment.
N0636,A0102,H002,2025-03-22T19:00:00+00:00,DISCHARGE_SUMMARY,Fictional discharge summary: RECOVERY documented; follow-up arranged.
N0637,A0103,H001,2025-05-04T07:18:00+00:00,CLINICAL_ASSESSMENT,Fictional assessment: Fever with circulatory instability. Examination documented; diagnostic evaluation requested.
N0638,A0103,H003,2025-05-04T10:00:00+00:00,TRANSFER,Fictional transfer from ED to MICU; responsible unit changed.
N0639,A0103,H003,2025-05-04T11:00:00+00:00,PROGRESS,Synthetic results reviewed; monitoring continues during this admission.
N0640,A0103,H003,2025-05-06T10:00:00+00:00,TRANSFER,Fictional transfer from MICU to ICU; responsible unit changed.
N0641,A0103,H003,2025-05-11T10:00:00+00:00,PROGRESS,Synthetic interval review: ongoing inpatient observation and reassessment.
N0642,A0103,H003,2025-05-14T22:00:00+00:00,TRANSFER,Fictional transfer from ICU to STEP; responsible unit changed.
N0643,A0103,H003,2025-05-18T13:00:00+00:00,DISCHARGE_SUMMARY,Fictional discharge summary: ReCoVeRy documented; follow-up arranged.
N0644,A0104,H011,2025-03-22T07:18:00+00:00,CLINICAL_ASSESSMENT,Fictional assessment: Right upper abdominal pain. Examination documented; diagnostic evaluation requested.
N0645,A0104,H012,2025-03-22T11:00:00+00:00,PROGRESS,Synthetic results reviewed; monitoring continues during this admission.
N0646,A0104,H012,2025-03-22T11:00:00+00:00,TRANSFER,Fictional transfer from ED to SURG; responsible unit changed.
N0647,A0104,H014,2025-03-22T15:12:00+00:00,OPERATIVE,Fictional procedure completed: Laparoscopic cholecystectomy. Postoperative monitoring arranged.
N0648,A0104,H012,2025-03-23T22:00:00+00:00,PROGRESS,Synthetic interval review: ongoing inpatient observation and reassessment.
N0649,A0104,H012,2025-03-25T13:00:00+00:00,DISCHARGE_SUMMARY,Fictional discharge summary: recovery documented; follow-up arranged.
N0650,A0105,H011,2025-05-06T07:18:00+00:00,CLINICAL_ASSESSMENT,Fictional assessment: Severe breathing difficulty. Examination documented; diagnostic evaluation requested.
N0651,A0105,H013,2025-05-06T09:00:00+00:00,TRANSFER,Fictional transfer from ED to ICU; responsible unit changed.
N0652,A0105,H013,2025-05-06T11:00:00+00:00,PROGRESS,Synthetic results reviewed; monitoring continues during this admission.
N0653,A0105,H013,2025-05-12T13:00:00+00:00,PROGRESS,Synthetic interval review: ongoing inpatient observation and reassessment.
N0654,A0105,H013,2025-05-14T21:00:00+00:00,TRANSFER,Fictional transfer from ICU to MICU; responsible unit changed.
N0655,A0105,H013,2025-05-16T21:00:00+00:00,TRANSFER,Fictional transfer from MICU to MED; responsible unit changed.
N0656,A0105,H013,2025-05-18T19:00:00+00:00,DISCHARGE_SUMMARY,Fictional discharge summary: Recovery documented; follow-up arranged.
N0657,A0106,H021,2025-03-24T07:18:00+00:00,CLINICAL_ASSESSMENT,Fictional assessment: Hip pain after a fictional fall. Examination documented; diagnostic evaluation requested.
N0658,A0106,H022,2025-03-24T11:00:00+00:00,PROGRESS,Synthetic results reviewed; monitoring continues during this admission.
N0659,A0106,H022,2025-03-24T11:00:00+00:00,TRANSFER,Fictional transfer from ED to ORTH; responsible unit changed.
N0660,A0106,H025,2025-03-24T15:12:00+00:00,OPERATIVE,Fictional procedure completed: Internal fixation of hip fracture. Postoperative monitoring arranged.
N0661,A0106,H022,2025-03-27T13:00:00+00:00,PROGRESS,Synthetic interval review: ongoing inpatient observation and reassessment.
N0662,A0106,H022,2025-03-28T07:00:00+00:00,TRANSFER,Fictional transfer from ORTH to REHAB; responsible unit changed.
N0663,A0106,H022,2025-03-30T19:00:00+00:00,DISCHARGE_SUMMARY,Fictional discharge summary: RECOVERY documented; follow-up arranged.
N0664,A0107,H001,2025-03-26T07:18:00+00:00,CLINICAL_ASSESSMENT,Fictional assessment: Fever with circulatory instability. Examination documented; diagnostic evaluation requested.
N0665,A0107,H003,2025-03-26T10:00:00+00:00,TRANSFER,Fictional transfer from ED to MICU; responsible unit changed.
N0666,A0107,H003,2025-03-26T11:00:00+00:00,PROGRESS,Synthetic results reviewed; monitoring continues during this admission.
N0667,A0107,H003,2025-03-28T10:00:00+00:00,TRANSFER,Fictional transfer from MICU to ICU; responsible unit changed.
N0668,A0107,H003,2025-04-02T07:00:00+00:00,PROGRESS,Synthetic interval review: ongoing inpatient observation and reassessment.
N0669,A0107,H003,2025-04-05T22:00:00+00:00,TRANSFER,Fictional transfer from ICU to STEP; responsible unit changed.
N0670,A0107,H003,2025-04-09T07:00:00+00:00,DISCHARGE_SUMMARY,Fictional discharge summary: ReCoVeRy documented; follow-up arranged.
N0671,A0108,H011,2025-03-28T07:18:00+00:00,CLINICAL_ASSESSMENT,Fictional assessment: Severe breathing difficulty. Examination documented; diagnostic evaluation requested.
N0672,A0108,H013,2025-03-28T09:00:00+00:00,TRANSFER,Fictional transfer from ED to ICU; responsible unit changed.
N0673,A0108,H013,2025-03-28T11:00:00+00:00,PROGRESS,Synthetic results reviewed; monitoring continues during this admission.
N0674,A0108,H013,2025-04-03T10:00:00+00:00,PROGRESS,Synthetic interval review: ongoing inpatient observation and reassessment.
N0675,A0108,H013,2025-04-05T21:00:00+00:00,TRANSFER,Fictional transfer from ICU to MICU; responsible unit changed.
N0676,A0108,H013,2025-04-07T21:00:00+00:00,TRANSFER,Fictional transfer from MICU to MED; responsible unit changed.
N0677,A0108,H013,2025-04-09T13:00:00+00:00,DISCHARGE_SUMMARY,Fictional discharge summary: recovery documented; follow-up arranged.
N0678,A0109,H021,2025-03-30T07:18:00+00:00,CLINICAL_ASSESSMENT,Fictional assessment: Dizziness with reduced fluid intake. Examination documented; diagnostic evaluation requested.
N0679,A0109,H022,2025-03-30T11:00:00+00:00,PROGRESS,Synthetic results reviewed; monitoring continues during this admission.
N0680,A0109,H022,2025-03-30T12:00:00+00:00,TRANSFER,Fictional transfer from ED to MED; responsible unit changed.
N0681,A0109,H022,2025-03-31T01:00:00+00:00,PROGRESS,Synthetic interval review: ongoing inpatient observation and reassessment.
N0682,A0109,H022,2025-03-31T19:00:00+00:00,DISCHARGE_SUMMARY,Fictional discharge summary: Recovery documented; follow-up arranged.
N0683,A0110,H001,2025-04-01T07:18:00+00:00,CLINICAL_ASSESSMENT,Fictional assessment: Sudden limb weakness. Examination documented; diagnostic evaluation requested.
N0684,A0110,H002,2025-04-01T11:00:00+00:00,PROGRESS,Synthetic results reviewed; monitoring continues during this admission.
N0685,A0110,H002,2025-04-01T12:00:00+00:00,TRANSFER,Fictional transfer from ED to NEUR; responsible unit changed.
N0686,A0110,H002,2025-04-03T19:00:00+00:00,PROGRESS,Synthetic interval review: ongoing inpatient observation and reassessment.
N0687,A0110,H002,2025-04-04T19:00:00+00:00,TRANSFER,Fictional transfer from NEUR to REHAB; responsible unit changed.
N0688,A0110,H002,2025-04-06T07:00:00+00:00,DISCHARGE_SUMMARY,Fictional discharge summary: RECOVERY documented; follow-up arranged.
N0689,A0111,H011,2025-04-03T07:18:00+00:00,CLINICAL_ASSESSMENT,Fictional assessment: Lower-leg redness and swelling. Examination documented; diagnostic evaluation requested.
N0690,A0111,H012,2025-04-03T11:00:00+00:00,PROGRESS,Synthetic results reviewed; monitoring continues during this admission.
N0691,A0111,H012,2025-04-03T13:00:00+00:00,TRANSFER,Fictional transfer from ED to MED; responsible unit changed.
N0692,A0111,H012,2025-04-04T04:00:00+00:00,PROGRESS,Synthetic interval review: ongoing inpatient observation and reassessment.
N0693,A0111,H012,2025-04-05T01:00:00+00:00,DISCHARGE_SUMMARY,Fictional discharge summary: ReCoVeRy documented; follow-up arranged.
N0694,A0112,H021,2025-04-05T07:18:00+00:00,CLINICAL_ASSESSMENT,Fictional assessment: Severe abdominal pain with systemic illness. Examination documented; diagnostic evaluation requested.
N0695,A0112,H022,2025-04-05T11:00:00+00:00,PROGRESS,Synthetic results reviewed; monitoring continues during this admission.
N0696,A0112,H022,2025-04-05T11:00:00+00:00,TRANSFER,Fictional transfer from ED to SURG; responsible unit changed.
N0697,A0112,H024,2025-04-05T15:12:00+00:00,OPERATIVE,Fictional procedure completed: Segmental colectomy. Postoperative monitoring arranged.
N0698,A0112,H022,2025-04-05T16:00:00+00:00,TRANSFER,Fictional transfer from SURG to SICU; responsible unit changed.
N0699,A0112,H022,2025-04-07T16:00:00+00:00,TRANSFER,Fictional transfer from SICU to ICU; responsible unit changed.
N0700,A0112,H022,2025-04-11T19:00:00+00:00,PROGRESS,Synthetic interval review: ongoing inpatient observation and reassessment.
N0701,A0112,H022,2025-04-15T16:00:00+00:00,TRANSFER,Fictional transfer from ICU to STEP; responsible unit changed.
N0702,A0112,H022,2025-04-16T16:00:00+00:00,TRANSFER,Fictional transfer from STEP to SURG; responsible unit changed.
N0703,A0112,H022,2025-04-18T07:00:00+00:00,DISCHARGE_SUMMARY,Fictional discharge summary: recovery documented; follow-up arranged.
N0704,A0113,H001,2025-04-07T07:18:00+00:00,CLINICAL_ASSESSMENT,Fictional assessment: Breathlessness with leg swelling. Examination documented; diagnostic evaluation requested.
N0705,A0113,H002,2025-04-07T11:00:00+00:00,PROGRESS,Synthetic results reviewed; monitoring continues during this admission.
N0706,A0113,H002,2025-04-07T12:00:00+00:00,TRANSFER,Fictional transfer from ED to CARD; responsible unit changed.
N0707,A0113,H002,2025-04-09T07:00:00+00:00,PROGRESS,Synthetic interval review: ongoing inpatient observation and reassessment.
N0708,A0113,H002,2025-04-11T07:00:00+00:00,DISCHARGE_SUMMARY,Fictional discharge summary: Recovery documented; follow-up arranged.
N0709,A0114,H011,2025-04-09T07:18:00+00:00,CLINICAL_ASSESSMENT,Fictional assessment: Fever with circulatory instability. Examination documented; diagnostic evaluation requested.
N0710,A0114,H013,2025-04-09T10:00:00+00:00,TRANSFER,Fictional transfer from ED to MICU; responsible unit changed.
N0711,A0114,H013,2025-04-09T11:00:00+00:00,PROGRESS,Synthetic results reviewed; monitoring continues during this admission.
N0712,A0114,H013,2025-04-11T10:00:00+00:00,TRANSFER,Fictional transfer from MICU to ICU; responsible unit changed.
N0713,A0114,H013,2025-04-16T10:00:00+00:00,PROGRESS,Synthetic interval review: ongoing inpatient observation and reassessment.
N0714,A0114,H013,2025-04-19T22:00:00+00:00,TRANSFER,Fictional transfer from ICU to STEP; responsible unit changed.
N0715,A0114,H013,2025-04-23T13:00:00+00:00,DISCHARGE_SUMMARY,Fictional episode ended with in-hospital death; family discussion documented.
N0716,A0115,H021,2025-04-11T07:18:00+00:00,CLINICAL_ASSESSMENT,Fictional assessment: Acute chest discomfort. Examination documented; diagnostic evaluation requested.
N0717,A0115,H023,2025-04-11T10:00:00+00:00,TRANSFER,Fictional transfer from ED to CCU; responsible unit changed.
N0718,A0115,H023,2025-04-11T11:00:00+00:00,PROGRESS,Synthetic results reviewed; monitoring continues during this admission.
N0719,A0115,H023,2025-04-17T01:00:00+00:00,PROGRESS,Synthetic interval review: ongoing inpatient observation and reassessment.
N0720,A0115,H023,2025-04-19T22:00:00+00:00,TRANSFER,Fictional transfer from CCU to CARD; responsible unit changed.
N0721,A0115,H023,2025-04-22T19:00:00+00:00,DISCHARGE_SUMMARY,Fictional discharge summary: ReCoVeRy documented; follow-up arranged.
N0722,A0116,H001,2025-04-13T07:18:00+00:00,CLINICAL_ASSESSMENT,Fictional assessment: Right lower abdominal pain. Examination documented; diagnostic evaluation requested.
N0723,A0116,H002,2025-04-13T11:00:00+00:00,PROGRESS,Synthetic results reviewed; monitoring continues during this admission.
N0724,A0116,H002,2025-04-13T11:00:00+00:00,TRANSFER,Fictional transfer from ED to SURG; responsible unit changed.
N0725,A0116,H004,2025-04-13T15:12:00+00:00,OPERATIVE,Fictional procedure completed: Laparoscopic appendectomy. Postoperative monitoring arranged.
N0726,A0116,H002,2025-04-14T13:00:00+00:00,PROGRESS,Synthetic interval review: ongoing inpatient observation and reassessment.
N0727,A0116,H002,2025-04-15T19:00:00+00:00,DISCHARGE_SUMMARY,Fictional discharge summary: recovery documented; follow-up arranged.
N0728,A0117,H011,2025-04-15T07:18:00+00:00,CLINICAL_ASSESSMENT,Fictional assessment: Right upper abdominal pain. Examination documented; diagnostic evaluation requested.
N0729,A0117,H012,2025-04-15T11:00:00+00:00,PROGRESS,Synthetic results reviewed; monitoring continues during this admission.
N0730,A0117,H012,2025-04-15T11:00:00+00:00,TRANSFER,Fictional transfer from ED to SURG; responsible unit changed.
N0731,A0117,H014,2025-04-15T15:12:00+00:00,OPERATIVE,Fictional procedure completed: Laparoscopic cholecystectomy. Postoperative monitoring arranged.
N0732,A0117,H012,2025-04-16T22:00:00+00:00,PROGRESS,Synthetic interval review: ongoing inpatient observation and reassessment.
N0733,A0117,H012,2025-04-18T13:00:00+00:00,DISCHARGE_SUMMARY,Fictional discharge summary: Recovery documented; follow-up arranged.
N0734,A0118,H021,2025-04-17T07:18:00+00:00,CLINICAL_ASSESSMENT,Fictional assessment: Hip pain after a fictional fall. Examination documented; diagnostic evaluation requested.
N0735,A0118,H022,2025-04-17T11:00:00+00:00,PROGRESS,Synthetic results reviewed; monitoring continues during this admission.
N0736,A0118,H022,2025-04-17T11:00:00+00:00,TRANSFER,Fictional transfer from ED to ORTH; responsible unit changed.
N0737,A0118,H025,2025-04-17T15:12:00+00:00,OPERATIVE,Fictional procedure completed: Internal fixation of hip fracture. Postoperative monitoring arranged.
N0738,A0118,H022,2025-04-20T13:00:00+00:00,PROGRESS,Synthetic interval review: ongoing inpatient observation and reassessment.
N0739,A0118,H022,2025-04-21T07:00:00+00:00,TRANSFER,Fictional transfer from ORTH to REHAB; responsible unit changed.
N0740,A0118,H022,2025-04-23T19:00:00+00:00,DISCHARGE_SUMMARY,Fictional discharge summary: RECOVERY documented; follow-up arranged.
N0741,A0119,H001,2025-04-19T07:18:00+00:00,CLINICAL_ASSESSMENT,Fictional assessment: Dizziness with reduced fluid intake. Examination documented; diagnostic evaluation requested.
N0742,A0119,H002,2025-04-19T11:00:00+00:00,PROGRESS,Synthetic results reviewed; monitoring continues during this admission.
N0743,A0119,H002,2025-04-19T12:00:00+00:00,TRANSFER,Fictional transfer from ED to MED; responsible unit changed.
N0744,A0119,H002,2025-04-19T19:00:00+00:00,PROGRESS,Synthetic interval review: ongoing inpatient observation and reassessment.
N0745,A0119,H002,2025-04-20T07:00:00+00:00,DISCHARGE_SUMMARY,Fictional discharge summary: ReCoVeRy documented; follow-up arranged.
N0746,A0120,H011,2025-04-21T07:18:00+00:00,CLINICAL_ASSESSMENT,Fictional assessment: Lower-leg redness and swelling. Examination documented; diagnostic evaluation requested.
N0747,A0120,H012,2025-04-21T11:00:00+00:00,PROGRESS,Synthetic results reviewed; monitoring continues during this admission.
N0748,A0120,H012,2025-04-21T13:00:00+00:00,TRANSFER,Fictional transfer from ED to MED; responsible unit changed.
N0749,A0120,H012,2025-04-22T04:00:00+00:00,PROGRESS,Synthetic interval review: ongoing inpatient observation and reassessment.
N0750,A0120,H012,2025-04-23T01:00:00+00:00,DISCHARGE_SUMMARY,Fictional discharge summary: recovery documented; follow-up arranged.
