diagnosis_id,admission_id,icd9_code,diagnosis_role,recorded_at,diagnosing_professional_id
D0001,A0001,486,PRIMARY,2025-01-07T00:00:00+00:00,H012
D0002,A0001,530.81,SECONDARY,2025-01-07T00:00:00+00:00,H012
D0003,A0001,244.9,SECONDARY,2025-01-07T00:00:00+00:00,H012
D0004,A0002,574.00,PRIMARY,2025-02-20T18:00:00+00:00,H012
D0005,A0002,530.81,SECONDARY,2025-02-20T18:00:00+00:00,H012
D0006,A0002,244.9,SECONDARY,2025-02-20T18:00:00+00:00,H012
D0007,A0003,518.81,PRIMARY,2025-04-15T06:00:00+00:00,H013
D0008,A0003,486,SECONDARY,2025-04-15T06:00:00+00:00,H013
D0009,A0003,530.81,SECONDARY,2025-04-15T06:00:00+00:00,H013
D0010,A0003,244.9,SECONDARY,2025-04-15T06:00:00+00:00,H013
D0011,A0004,682.6,PRIMARY,2025-05-20T00:00:00+00:00,H012
D0012,A0004,530.81,SECONDARY,2025-05-20T00:00:00+00:00,H012
D0013,A0004,244.9,SECONDARY,2025-05-20T00:00:00+00:00,H012
D0014,A0005,486,PRIMARY,2025-07-06T06:00:00+00:00,H012
D0015,A0005,530.81,SECONDARY,2025-07-06T06:00:00+00:00,H012
D0016,A0005,244.9,SECONDARY,2025-07-06T06:00:00+00:00,H012
D0017,A0006,410.91,PRIMARY,2025-01-16T18:00:00+00:00,H023
D0018,A0006,530.81,SECONDARY,2025-01-16T18:00:00+00:00,H023
D0019,A0006,244.9,SECONDARY,2025-01-16T18:00:00+00:00,H023
D0020,A0007,820.21,PRIMARY,2025-02-25T06:00:00+00:00,H022
D0021,A0007,530.81,SECONDARY,2025-02-25T06:00:00+00:00,H022
D0022,A0007,244.9,SECONDARY,2025-02-25T06:00:00+00:00,H022
D0023,A0008,276.51,PRIMARY,2025-04-06T12:00:00+00:00,H022
D0024,A0008,530.81,SECONDARY,2025-04-06T12:00:00+00:00,H022
D0025,A0008,244.9,SECONDARY,2025-04-06T12:00:00+00:00,H022
D0026,A0009,562.11,PRIMARY,2025-06-02T06:00:00+00:00,H022
D0027,A0009,518.81,SECONDARY,2025-06-02T06:00:00+00:00,H022
D0028,A0009,530.81,SECONDARY,2025-06-02T06:00:00+00:00,H022
D0029,A0009,244.9,SECONDARY,2025-06-02T06:00:00+00:00,H022
D0030,A0010,410.91,PRIMARY,2025-07-15T06:00:00+00:00,H023
D0031,A0010,530.81,SECONDARY,2025-07-15T06:00:00+00:00,H023
D0032,A0010,244.9,SECONDARY,2025-07-15T06:00:00+00:00,H023
D0033,A0011,540.9,PRIMARY,2025-01-09T18:00:00+00:00,H002
D0034,A0011,250.00,SECONDARY,2025-01-09T18:00:00+00:00,H002
D0035,A0011,285.9,SECONDARY,2025-01-09T18:00:00+00:00,H002
D0036,A0012,038.9,PRIMARY,2025-03-07T12:00:00+00:00,H003
D0037,A0012,995.92,SECONDARY,2025-03-07T12:00:00+00:00,H003
D0038,A0012,785.52,SECONDARY,2025-03-07T12:00:00+00:00,H003
D0039,A0012,486,SECONDARY,2025-03-07T12:00:00+00:00,H003
D0040,A0012,250.00,SECONDARY,2025-03-07T12:00:00+00:00,H003
D0041,A0012,285.9,SECONDARY,2025-03-07T12:00:00+00:00,H003
D0042,A0013,434.91,PRIMARY,2025-04-12T18:00:00+00:00,H002
D0043,A0013,250.00,SECONDARY,2025-04-12T18:00:00+00:00,H002
D0044,A0013,285.9,SECONDARY,2025-04-12T18:00:00+00:00,H002
D0045,A0014,428.0,PRIMARY,2025-05-26T06:00:00+00:00,H002
D0046,A0014,250.00,SECONDARY,2025-05-26T06:00:00+00:00,H002
D0047,A0014,285.9,SECONDARY,2025-05-26T06:00:00+00:00,H002
D0048,A0015,540.9,PRIMARY,2025-07-09T00:00:00+00:00,H002
D0049,A0015,250.00,SECONDARY,2025-07-09T00:00:00+00:00,H002
D0050,A0015,285.9,SECONDARY,2025-07-09T00:00:00+00:00,H002
D0051,A0016,574.00,PRIMARY,2025-01-12T12:00:00+00:00,H012
D0052,A0016,272.4,SECONDARY,2025-01-12T12:00:00+00:00,H012
D0053,A0016,285.9,SECONDARY,2025-01-12T12:00:00+00:00,H012
D0054,A0017,518.81,PRIMARY,2025-03-07T18:00:00+00:00,H013
D0055,A0017,486,SECONDARY,2025-03-07T18:00:00+00:00,H013
D0056,A0017,272.4,SECONDARY,2025-03-07T18:00:00+00:00,H013
D0057,A0017,285.9,SECONDARY,2025-03-07T18:00:00+00:00,H013
D0058,A0018,682.6,PRIMARY,2025-04-10T18:00:00+00:00,H012
D0059,A0018,272.4,SECONDARY,2025-04-10T18:00:00+00:00,H012
D0060,A0018,285.9,SECONDARY,2025-04-10T18:00:00+00:00,H012
D0061,A0019,486,PRIMARY,2025-05-28T00:00:00+00:00,H012
D0062,A0019,272.4,SECONDARY,2025-05-28T00:00:00+00:00,H012
D0063,A0019,285.9,SECONDARY,2025-05-28T00:00:00+00:00,H012
D0064,A0020,574.00,PRIMARY,2025-07-11T18:00:00+00:00,H012
D0065,A0020,272.4,SECONDARY,2025-07-11T18:00:00+00:00,H012
D0066,A0020,285.9,SECONDARY,2025-07-11T18:00:00+00:00,H012
D0067,A0021,820.21,PRIMARY,2025-01-17T18:00:00+00:00,H022
D0068,A0021,401.9,SECONDARY,2025-01-17T18:00:00+00:00,H022
D0069,A0021,272.4,SECONDARY,2025-01-17T18:00:00+00:00,H022
D0070,A0022,276.51,PRIMARY,2025-02-26T06:00:00+00:00,H022
D0071,A0022,401.9,SECONDARY,2025-02-26T06:00:00+00:00,H022
D0072,A0022,272.4,SECONDARY,2025-02-26T06:00:00+00:00,H022
D0073,A0023,562.11,PRIMARY,2025-04-24T00:00:00+00:00,H022
D0074,A0023,518.81,SECONDARY,2025-04-24T00:00:00+00:00,H022
D0075,A0023,401.9,SECONDARY,2025-04-24T00:00:00+00:00,H022
D0076,A0023,272.4,SECONDARY,2025-04-24T00:00:00+00:00,H022
D0077,A0024,410.91,PRIMARY,2025-06-06T18:00:00+00:00,H023
D0078,A0024,401.9,SECONDARY,2025-06-06T18:00:00+00:00,H023
D0079,A0024,272.4,SECONDARY,2025-06-06T18:00:00+00:00,H023
D0080,A0025,820.21,PRIMARY,2025-07-16T06:00:00+00:00,H022
D0081,A0025,401.9,SECONDARY,2025-07-16T06:00:00+00:00,H022
D0082,A0025,272.4,SECONDARY,2025-07-16T06:00:00+00:00,H022
D0083,A0026,038.9,PRIMARY,2025-01-27T06:00:00+00:00,H003
D0084,A0026,995.92,SECONDARY,2025-01-27T06:00:00+00:00,H003
D0085,A0026,785.52,SECONDARY,2025-01-27T06:00:00+00:00,H003
D0086,A0026,486,SECONDARY,2025-01-27T06:00:00+00:00,H003
D0087,A0026,530.81,SECONDARY,2025-01-27T06:00:00+00:00,H003
D0088,A0026,272.4,SECONDARY,2025-01-27T06:00:00+00:00,H003
D0089,A0027,434.91,PRIMARY,2025-03-04T12:00:00+00:00,H002
D0090,A0027,530.81,SECONDARY,2025-03-04T12:00:00+00:00,H002
D0091,A0027,272.4,SECONDARY,2025-03-04T12:00:00+00:00,H002
D0092,A0028,428.0,PRIMARY,2025-04-17T18:00:00+00:00,H002
D0093,A0028,530.81,SECONDARY,2025-04-17T18:00:00+00:00,H002
D0094,A0028,272.4,SECONDARY,2025-04-17T18:00:00+00:00,H002
D0095,A0029,518.81,PRIMARY,2025-01-27T12:00:00+00:00,H013
D0096,A0029,486,SECONDARY,2025-01-27T12:00:00+00:00,H013
D0097,A0029,401.9,SECONDARY,2025-01-27T12:00:00+00:00,H013
D0098,A0029,250.00,SECONDARY,2025-01-27T12:00:00+00:00,H013
D0099,A0030,682.6,PRIMARY,2025-03-03T06:00:00+00:00,H012
D0100,A0030,401.9,SECONDARY,2025-03-03T06:00:00+00:00,H012
D0101,A0030,250.00,SECONDARY,2025-03-03T06:00:00+00:00,H012
D0102,A0031,486,PRIMARY,2025-04-18T18:00:00+00:00,H012
D0103,A0031,401.9,SECONDARY,2025-04-18T18:00:00+00:00,H012
D0104,A0031,250.00,SECONDARY,2025-04-18T18:00:00+00:00,H012
D0105,A0032,276.51,PRIMARY,2025-01-18T18:00:00+00:00,H022
D0106,A0032,250.00,SECONDARY,2025-01-18T18:00:00+00:00,H022
D0107,A0032,272.4,SECONDARY,2025-01-18T18:00:00+00:00,H022
D0108,A0033,562.11,PRIMARY,2025-03-15T18:00:00+00:00,H022
D0109,A0033,518.81,SECONDARY,2025-03-15T18:00:00+00:00,H022
D0110,A0033,250.00,SECONDARY,2025-03-15T18:00:00+00:00,H022
D0111,A0033,272.4,SECONDARY,2025-03-15T18:00:00+00:00,H022
D0112,A0034,410.91,PRIMARY,2025-04-28T12:00:00+00:00,H023
D0113,A0034,250.00,SECONDARY,2025-04-28T12:00:00+00:00,H023
D0114,A0034,272.4,SECONDARY,2025-04-28T12:00:00+00:00,H023
D0115,A0035,434.91,PRIMARY,2025-01-24T06:00:00+00:00,H002
D0116,A0035,272.4,SECONDARY,2025-01-24T06:00:00+00:00,H002
D0117,A0035,530.81,SECONDARY,2025-01-24T06:00:00+00:00,H002
D0118,A0036,428.0,PRIMARY,2025-03-09T12:00:00+00:00,H002
D0119,A0036,272.4,SECONDARY,2025-03-09T12:00:00+00:00,H002
D0120,A0036,530.81,SECONDARY,2025-03-09T12:00:00+00:00,H002
D0121,A0037,540.9,PRIMARY,2025-04-22T06:00:00+00:00,H002
D0122,A0037,272.4,SECONDARY,2025-04-22T06:00:00+00:00,H002
D0123,A0037,530.81,SECONDARY,2025-04-22T06:00:00+00:00,H002
D0124,A0038,682.6,PRIMARY,2025-01-23T00:00:00+00:00,H012
D0125,A0038,244.9,SECONDARY,2025-01-23T00:00:00+00:00,H012
D0126,A0038,401.9,SECONDARY,2025-01-23T00:00:00+00:00,H012
D0127,A0039,486,PRIMARY,2025-03-11T06:00:00+00:00,H012
D0128,A0039,244.9,SECONDARY,2025-03-11T06:00:00+00:00,H012
D0129,A0039,401.9,SECONDARY,2025-03-11T06:00:00+00:00,H012
D0130,A0040,574.00,PRIMARY,2025-04-24T06:00:00+00:00,H012
D0131,A0040,244.9,SECONDARY,2025-04-24T06:00:00+00:00,H012
D0132,A0040,401.9,SECONDARY,2025-04-24T06:00:00+00:00,H012
D0133,A0041,562.11,PRIMARY,2025-02-05T06:00:00+00:00,H022
D0134,A0041,518.81,SECONDARY,2025-02-05T06:00:00+00:00,H022
D0135,A0041,250.00,SECONDARY,2025-02-05T06:00:00+00:00,H022
D0136,A0041,244.9,SECONDARY,2025-02-05T06:00:00+00:00,H022
D0137,A0042,410.91,PRIMARY,2025-03-20T06:00:00+00:00,H023
D0138,A0042,250.00,SECONDARY,2025-03-20T06:00:00+00:00,H023
D0139,A0042,244.9,SECONDARY,2025-03-20T06:00:00+00:00,H023
D0140,A0043,820.21,PRIMARY,2025-04-29T12:00:00+00:00,H022
D0141,A0043,250.00,SECONDARY,2025-04-29T12:00:00+00:00,H022
D0142,A0043,244.9,SECONDARY,2025-04-29T12:00:00+00:00,H022
D0143,A0044,428.0,PRIMARY,2025-01-29T06:00:00+00:00,H002
D0144,A0044,401.9,SECONDARY,2025-01-29T06:00:00+00:00,H002
D0145,A0044,272.4,SECONDARY,2025-01-29T06:00:00+00:00,H002
D0146,A0045,540.9,PRIMARY,2025-03-14T00:00:00+00:00,H002
D0147,A0045,401.9,SECONDARY,2025-03-14T00:00:00+00:00,H002
D0148,A0045,272.4,SECONDARY,2025-03-14T00:00:00+00:00,H002
D0149,A0046,038.9,PRIMARY,2025-05-09T18:00:00+00:00,H003
D0150,A0046,995.92,SECONDARY,2025-05-09T18:00:00+00:00,H003
D0151,A0046,785.52,SECONDARY,2025-05-09T18:00:00+00:00,H003
D0152,A0046,486,SECONDARY,2025-05-09T18:00:00+00:00,H003
D0153,A0046,401.9,SECONDARY,2025-05-09T18:00:00+00:00,H003
D0154,A0046,272.4,SECONDARY,2025-05-09T18:00:00+00:00,H003
D0155,A0047,486,PRIMARY,2025-01-31T00:00:00+00:00,H012
D0156,A0047,272.4,SECONDARY,2025-01-31T00:00:00+00:00,H012
D0157,A0047,401.9,SECONDARY,2025-01-31T00:00:00+00:00,H012
D0158,A0048,574.00,PRIMARY,2025-03-16T18:00:00+00:00,H012
D0159,A0048,272.4,SECONDARY,2025-03-16T18:00:00+00:00,H012
D0160,A0048,401.9,SECONDARY,2025-03-16T18:00:00+00:00,H012
D0161,A0049,518.81,PRIMARY,2025-05-09T06:00:00+00:00,H013
D0162,A0049,486,SECONDARY,2025-05-09T06:00:00+00:00,H013
D0163,A0049,272.4,SECONDARY,2025-05-09T06:00:00+00:00,H013
D0164,A0049,401.9,SECONDARY,2025-05-09T06:00:00+00:00,H013
D0165,A0050,410.91,PRIMARY,2025-02-09T18:00:00+00:00,H023
D0166,A0050,250.00,SECONDARY,2025-02-09T18:00:00+00:00,H023
D0167,A0050,530.81,SECONDARY,2025-02-09T18:00:00+00:00,H023
D0168,A0051,820.21,PRIMARY,2025-03-21T06:00:00+00:00,H022
D0169,A0051,250.00,SECONDARY,2025-03-21T06:00:00+00:00,H022
D0170,A0051,530.81,SECONDARY,2025-03-21T06:00:00+00:00,H022
D0171,A0052,276.51,PRIMARY,2025-04-30T12:00:00+00:00,H022
D0172,A0052,250.00,SECONDARY,2025-04-30T12:00:00+00:00,H022
D0173,A0052,530.81,SECONDARY,2025-04-30T12:00:00+00:00,H022
D0174,A0053,540.9,PRIMARY,2025-02-02T18:00:00+00:00,H002
D0175,A0053,401.9,SECONDARY,2025-02-02T18:00:00+00:00,H002
D0176,A0053,250.00,SECONDARY,2025-02-02T18:00:00+00:00,H002
D0177,A0054,038.9,PRIMARY,2025-03-31T12:00:00+00:00,H003
D0178,A0054,995.92,SECONDARY,2025-03-31T12:00:00+00:00,H003
D0179,A0054,785.52,SECONDARY,2025-03-31T12:00:00+00:00,H003
D0180,A0054,486,SECONDARY,2025-03-31T12:00:00+00:00,H003
D0181,A0054,401.9,SECONDARY,2025-03-31T12:00:00+00:00,H003
D0182,A0054,250.00,SECONDARY,2025-03-31T12:00:00+00:00,H003
D0183,A0055,434.91,PRIMARY,2025-05-06T18:00:00+00:00,H002
D0184,A0055,401.9,SECONDARY,2025-05-06T18:00:00+00:00,H002
D0185,A0055,250.00,SECONDARY,2025-05-06T18:00:00+00:00,H002
D0186,A0056,574.00,PRIMARY,2025-02-05T12:00:00+00:00,H012
D0187,A0056,250.00,SECONDARY,2025-02-05T12:00:00+00:00,H012
D0188,A0056,401.9,SECONDARY,2025-02-05T12:00:00+00:00,H012
D0189,A0057,518.81,PRIMARY,2025-03-31T18:00:00+00:00,H013
D0190,A0057,486,SECONDARY,2025-03-31T18:00:00+00:00,H013
D0191,A0057,250.00,SECONDARY,2025-03-31T18:00:00+00:00,H013
D0192,A0057,401.9,SECONDARY,2025-03-31T18:00:00+00:00,H013
D0193,A0058,820.21,PRIMARY,2025-02-10T18:00:00+00:00,H022
D0194,A0058,530.81,SECONDARY,2025-02-10T18:00:00+00:00,H022
D0195,A0058,272.4,SECONDARY,2025-02-10T18:00:00+00:00,H022
D0196,A0059,276.51,PRIMARY,2025-03-22T06:00:00+00:00,H022
D0197,A0059,530.81,SECONDARY,2025-03-22T06:00:00+00:00,H022
D0198,A0059,272.4,SECONDARY,2025-03-22T06:00:00+00:00,H022
D0199,A0060,038.9,PRIMARY,2025-02-20T06:00:00+00:00,H003
D0200,A0060,995.92,SECONDARY,2025-02-20T06:00:00+00:00,H003
D0201,A0060,785.52,SECONDARY,2025-02-20T06:00:00+00:00,H003
D0202,A0060,486,SECONDARY,2025-02-20T06:00:00+00:00,H003
D0203,A0060,272.4,SECONDARY,2025-02-20T06:00:00+00:00,H003
D0204,A0060,530.81,SECONDARY,2025-02-20T06:00:00+00:00,H003
D0205,A0061,434.91,PRIMARY,2025-03-28T12:00:00+00:00,H002
D0206,A0061,272.4,SECONDARY,2025-03-28T12:00:00+00:00,H002
D0207,A0061,530.81,SECONDARY,2025-03-28T12:00:00+00:00,H002
D0208,A0062,518.81,PRIMARY,2025-02-20T12:00:00+00:00,H013
D0209,A0062,486,SECONDARY,2025-02-20T12:00:00+00:00,H013
D0210,A0062,272.4,SECONDARY,2025-02-20T12:00:00+00:00,H013
D0211,A0062,244.9,SECONDARY,2025-02-20T12:00:00+00:00,H013
D0212,A0063,682.6,PRIMARY,2025-03-27T06:00:00+00:00,H012
D0213,A0063,272.4,SECONDARY,2025-03-27T06:00:00+00:00,H012
D0214,A0063,244.9,SECONDARY,2025-03-27T06:00:00+00:00,H012
D0215,A0064,276.51,PRIMARY,2025-02-11T18:00:00+00:00,H022
D0216,A0064,250.00,SECONDARY,2025-02-11T18:00:00+00:00,H022
D0217,A0064,530.81,SECONDARY,2025-02-11T18:00:00+00:00,H022
D0218,A0065,562.11,PRIMARY,2025-04-08T18:00:00+00:00,H022
D0219,A0065,518.81,SECONDARY,2025-04-08T18:00:00+00:00,H022
D0220,A0065,250.00,SECONDARY,2025-04-08T18:00:00+00:00,H022
D0221,A0065,530.81,SECONDARY,2025-04-08T18:00:00+00:00,H022
D0222,A0066,434.91,PRIMARY,2025-02-17T06:00:00+00:00,H002
D0223,A0066,272.4,SECONDARY,2025-02-17T06:00:00+00:00,H002
D0224,A0066,530.81,SECONDARY,2025-02-17T06:00:00+00:00,H002
D0225,A0067,428.0,PRIMARY,2025-04-02T12:00:00+00:00,H002
D0226,A0067,272.4,SECONDARY,2025-04-02T12:00:00+00:00,H002
D0227,A0067,530.81,SECONDARY,2025-04-02T12:00:00+00:00,H002
D0228,A0068,682.6,PRIMARY,2025-02-16T00:00:00+00:00,H012
D0229,A0068,250.00,SECONDARY,2025-02-16T00:00:00+00:00,H012
D0230,A0068,401.9,SECONDARY,2025-02-16T00:00:00+00:00,H012
D0231,A0069,486,PRIMARY,2025-04-04T06:00:00+00:00,H012
D0232,A0069,250.00,SECONDARY,2025-04-04T06:00:00+00:00,H012
D0233,A0069,401.9,SECONDARY,2025-04-04T06:00:00+00:00,H012
D0234,A0070,562.11,PRIMARY,2025-03-01T06:00:00+00:00,H022
D0235,A0070,518.81,SECONDARY,2025-03-01T06:00:00+00:00,H022
D0236,A0070,401.9,SECONDARY,2025-03-01T06:00:00+00:00,H022
D0237,A0070,530.81,SECONDARY,2025-03-01T06:00:00+00:00,H022
D0238,A0071,410.91,PRIMARY,2025-04-13T06:00:00+00:00,H023
D0239,A0071,401.9,SECONDARY,2025-04-13T06:00:00+00:00,H023
D0240,A0071,530.81,SECONDARY,2025-04-13T06:00:00+00:00,H023
D0241,A0072,428.0,PRIMARY,2025-02-22T06:00:00+00:00,H002
D0242,A0072,272.4,SECONDARY,2025-02-22T06:00:00+00:00,H002
D0243,A0072,250.00,SECONDARY,2025-02-22T06:00:00+00:00,H002
D0244,A0073,540.9,PRIMARY,2025-04-07T00:00:00+00:00,H002
D0245,A0073,272.4,SECONDARY,2025-04-07T00:00:00+00:00,H002
D0246,A0073,250.00,SECONDARY,2025-04-07T00:00:00+00:00,H002
D0247,A0074,486,PRIMARY,2025-02-24T00:00:00+00:00,H012
D0248,A0074,285.9,SECONDARY,2025-02-24T00:00:00+00:00,H012
D0249,A0074,244.9,SECONDARY,2025-02-24T00:00:00+00:00,H012
D0250,A0075,574.00,PRIMARY,2025-04-09T18:00:00+00:00,H012
D0251,A0075,285.9,SECONDARY,2025-04-09T18:00:00+00:00,H012
D0252,A0075,244.9,SECONDARY,2025-04-09T18:00:00+00:00,H012
D0253,A0076,410.91,PRIMARY,2025-03-05T18:00:00+00:00,H023
D0254,A0076,401.9,SECONDARY,2025-03-05T18:00:00+00:00,H023
D0255,A0076,250.00,SECONDARY,2025-03-05T18:00:00+00:00,H023
D0256,A0077,820.21,PRIMARY,2025-04-14T06:00:00+00:00,H022
D0257,A0077,401.9,SECONDARY,2025-04-14T06:00:00+00:00,H022
D0258,A0077,250.00,SECONDARY,2025-04-14T06:00:00+00:00,H022
D0259,A0078,540.9,PRIMARY,2025-02-26T18:00:00+00:00,H002
D0260,A0078,530.81,SECONDARY,2025-02-26T18:00:00+00:00,H002
D0261,A0078,401.9,SECONDARY,2025-02-26T18:00:00+00:00,H002
D0262,A0079,038.9,PRIMARY,2025-04-24T12:00:00+00:00,H003
D0263,A0079,995.92,SECONDARY,2025-04-24T12:00:00+00:00,H003
D0264,A0079,785.52,SECONDARY,2025-04-24T12:00:00+00:00,H003
D0265,A0079,486,SECONDARY,2025-04-24T12:00:00+00:00,H003
D0266,A0079,530.81,SECONDARY,2025-04-24T12:00:00+00:00,H003
D0267,A0079,401.9,SECONDARY,2025-04-24T12:00:00+00:00,H003
D0268,A0080,574.00,PRIMARY,2025-03-01T12:00:00+00:00,H012
D0269,A0080,530.81,SECONDARY,2025-03-01T12:00:00+00:00,H012
D0270,A0080,244.9,SECONDARY,2025-03-01T12:00:00+00:00,H012
D0271,A0081,518.81,PRIMARY,2025-04-24T18:00:00+00:00,H013
D0272,A0081,486,SECONDARY,2025-04-24T18:00:00+00:00,H013
D0273,A0081,530.81,SECONDARY,2025-04-24T18:00:00+00:00,H013
D0274,A0081,244.9,SECONDARY,2025-04-24T18:00:00+00:00,H013
D0275,A0082,820.21,PRIMARY,2025-03-06T18:00:00+00:00,H022
D0276,A0082,285.9,SECONDARY,2025-03-06T18:00:00+00:00,H022
D0277,A0082,530.81,SECONDARY,2025-03-06T18:00:00+00:00,H022
D0278,A0083,276.51,PRIMARY,2025-04-15T06:00:00+00:00,H022
D0279,A0083,285.9,SECONDARY,2025-04-15T06:00:00+00:00,H022
D0280,A0083,530.81,SECONDARY,2025-04-15T06:00:00+00:00,H022
D0281,A0084,038.9,PRIMARY,2025-03-16T06:00:00+00:00,H003
D0282,A0084,995.92,SECONDARY,2025-03-16T06:00:00+00:00,H003
D0283,A0084,785.52,SECONDARY,2025-03-16T06:00:00+00:00,H003
D0284,A0084,486,SECONDARY,2025-03-16T06:00:00+00:00,H003
D0285,A0084,285.9,SECONDARY,2025-03-16T06:00:00+00:00,H003
D0286,A0084,250.00,SECONDARY,2025-03-16T06:00:00+00:00,H003
D0287,A0085,434.91,PRIMARY,2025-04-21T12:00:00+00:00,H002
D0288,A0085,285.9,SECONDARY,2025-04-21T12:00:00+00:00,H002
D0289,A0085,250.00,SECONDARY,2025-04-21T12:00:00+00:00,H002
D0290,A0086,518.81,PRIMARY,2025-03-16T12:00:00+00:00,H013
D0291,A0086,486,SECONDARY,2025-03-16T12:00:00+00:00,H013
D0292,A0086,285.9,SECONDARY,2025-03-16T12:00:00+00:00,H013
D0293,A0086,272.4,SECONDARY,2025-03-16T12:00:00+00:00,H013
D0294,A0087,682.6,PRIMARY,2025-04-20T06:00:00+00:00,H012
D0295,A0087,285.9,SECONDARY,2025-04-20T06:00:00+00:00,H012
D0296,A0087,272.4,SECONDARY,2025-04-20T06:00:00+00:00,H012
D0297,A0088,276.51,PRIMARY,2025-03-07T18:00:00+00:00,H022
D0298,A0088,530.81,SECONDARY,2025-03-07T18:00:00+00:00,H022
D0299,A0088,244.9,SECONDARY,2025-03-07T18:00:00+00:00,H022
D0300,A0089,562.11,PRIMARY,2025-05-02T18:00:00+00:00,H022
D0301,A0089,518.81,SECONDARY,2025-05-02T18:00:00+00:00,H022
D0302,A0089,530.81,SECONDARY,2025-05-02T18:00:00+00:00,H022
D0303,A0089,244.9,SECONDARY,2025-05-02T18:00:00+00:00,H022
D0304,A0090,434.91,PRIMARY,2025-03-13T06:00:00+00:00,H002
D0305,A0090,401.9,SECONDARY,2025-03-13T06:00:00+00:00,H002
D0306,A0090,285.9,SECONDARY,2025-03-13T06:00:00+00:00,H002
D0307,A0091,518.81,PRIMARY,2025-05-04T12:00:00+00:00,H003
D0308,A0091,486,SECONDARY,2025-05-04T12:00:00+00:00,H003
D0309,A0091,401.9,SECONDARY,2025-05-04T12:00:00+00:00,H003
D0310,A0091,285.9,SECONDARY,2025-05-04T12:00:00+00:00,H003
D0311,A0092,682.6,PRIMARY,2025-03-12T00:00:00+00:00,H012
D0312,A0092,401.9,SECONDARY,2025-03-12T00:00:00+00:00,H012
D0313,A0092,244.9,SECONDARY,2025-03-12T00:00:00+00:00,H012
D0314,A0093,486,PRIMARY,2025-04-28T06:00:00+00:00,H012
D0315,A0093,401.9,SECONDARY,2025-04-28T06:00:00+00:00,H012
D0316,A0093,244.9,SECONDARY,2025-04-28T06:00:00+00:00,H012
D0317,A0094,562.11,PRIMARY,2025-03-25T06:00:00+00:00,H022
D0318,A0094,518.81,SECONDARY,2025-03-25T06:00:00+00:00,H022
D0319,A0094,285.9,SECONDARY,2025-03-25T06:00:00+00:00,H022
D0320,A0094,401.9,SECONDARY,2025-03-25T06:00:00+00:00,H022
D0321,A0095,410.91,PRIMARY,2025-05-07T06:00:00+00:00,H023
D0322,A0095,285.9,SECONDARY,2025-05-07T06:00:00+00:00,H023
D0323,A0095,401.9,SECONDARY,2025-05-07T06:00:00+00:00,H023
D0324,A0096,428.0,PRIMARY,2025-03-18T06:00:00+00:00,H002
D0325,A0096,285.9,SECONDARY,2025-03-18T06:00:00+00:00,H002
D0326,A0096,250.00,SECONDARY,2025-03-18T06:00:00+00:00,H002
D0327,A0097,540.9,PRIMARY,2025-05-01T00:00:00+00:00,H002
D0328,A0097,285.9,SECONDARY,2025-05-01T00:00:00+00:00,H002
D0329,A0097,250.00,SECONDARY,2025-05-01T00:00:00+00:00,H002
D0330,A0098,486,PRIMARY,2025-03-20T00:00:00+00:00,H012
D0331,A0098,244.9,SECONDARY,2025-03-20T00:00:00+00:00,H012
D0332,A0098,250.00,SECONDARY,2025-03-20T00:00:00+00:00,H012
D0333,A0099,574.00,PRIMARY,2025-05-03T18:00:00+00:00,H012
D0334,A0099,244.9,SECONDARY,2025-05-03T18:00:00+00:00,H012
D0335,A0099,250.00,SECONDARY,2025-05-03T18:00:00+00:00,H012
D0336,A0100,410.91,PRIMARY,2025-03-29T18:00:00+00:00,H023
D0337,A0100,285.9,SECONDARY,2025-03-29T18:00:00+00:00,H023
D0338,A0100,250.00,SECONDARY,2025-03-29T18:00:00+00:00,H023
D0339,A0101,820.21,PRIMARY,2025-05-08T06:00:00+00:00,H022
D0340,A0101,285.9,SECONDARY,2025-05-08T06:00:00+00:00,H022
D0341,A0101,250.00,SECONDARY,2025-05-08T06:00:00+00:00,H022
D0342,A0102,540.9,PRIMARY,2025-03-22T18:00:00+00:00,H002
D0343,A0102,250.00,SECONDARY,2025-03-22T18:00:00+00:00,H002
D0344,A0102,272.4,SECONDARY,2025-03-22T18:00:00+00:00,H002
D0345,A0103,038.9,PRIMARY,2025-05-18T12:00:00+00:00,H003
D0346,A0103,995.92,SECONDARY,2025-05-18T12:00:00+00:00,H003
D0347,A0103,785.52,SECONDARY,2025-05-18T12:00:00+00:00,H003
D0348,A0103,486,SECONDARY,2025-05-18T12:00:00+00:00,H003
D0349,A0103,250.00,SECONDARY,2025-05-18T12:00:00+00:00,H003
D0350,A0103,272.4,SECONDARY,2025-05-18T12:00:00+00:00,H003
D0351,A0104,574.00,PRIMARY,2025-03-25T12:00:00+00:00,H012
D0352,A0104,530.81,SECONDARY,2025-03-25T12:00:00+00:00,H012
D0353,A0104,401.9,SECONDARY,2025-03-25T12:00:00+00:00,H012
D0354,A0105,518.81,PRIMARY,2025-05-18T18:00:00+00:00,H013
D0355,A0105,486,SECONDARY,2025-05-18T18:00:00+00:00,H013
D0356,A0105,530.81,SECONDARY,2025-05-18T18:00:00+00:00,H013
D0357,A0105,401.9,SECONDARY,2025-05-18T18:00:00+00:00,H013
D0358,A0106,820.21,PRIMARY,2025-03-30T18:00:00+00:00,H022
D0359,A0106,272.4,SECONDARY,2025-03-30T18:00:00+00:00,H022
D0360,A0106,401.9,SECONDARY,2025-03-30T18:00:00+00:00,H022
D0361,A0107,038.9,PRIMARY,2025-04-09T06:00:00+00:00,H003
D0362,A0107,995.92,SECONDARY,2025-04-09T06:00:00+00:00,H003
D0363,A0107,785.52,SECONDARY,2025-04-09T06:00:00+00:00,H003
D0364,A0107,486,SECONDARY,2025-04-09T06:00:00+00:00,H003
D0365,A0107,272.4,SECONDARY,2025-04-09T06:00:00+00:00,H003
D0366,A0107,250.00,SECONDARY,2025-04-09T06:00:00+00:00,H003
D0367,A0108,518.81,PRIMARY,2025-04-09T12:00:00+00:00,H013
D0368,A0108,486,SECONDARY,2025-04-09T12:00:00+00:00,H013
D0369,A0108,530.81,SECONDARY,2025-04-09T12:00:00+00:00,H013
D0370,A0108,250.00,SECONDARY,2025-04-09T12:00:00+00:00,H013
D0371,A0109,276.51,PRIMARY,2025-03-31T18:00:00+00:00,H022
D0372,A0109,530.81,SECONDARY,2025-03-31T18:00:00+00:00,H022
D0373,A0109,401.9,SECONDARY,2025-03-31T18:00:00+00:00,H022
D0374,A0110,434.91,PRIMARY,2025-04-06T06:00:00+00:00,H002
D0375,A0110,272.4,SECONDARY,2025-04-06T06:00:00+00:00,H002
D0376,A0110,250.00,SECONDARY,2025-04-06T06:00:00+00:00,H002
D0377,A0111,682.6,PRIMARY,2025-04-05T00:00:00+00:00,H012
D0378,A0111,244.9,SECONDARY,2025-04-05T00:00:00+00:00,H012
D0379,A0111,272.4,SECONDARY,2025-04-05T00:00:00+00:00,H012
D0380,A0112,562.11,PRIMARY,2025-04-18T06:00:00+00:00,H022
D0381,A0112,518.81,SECONDARY,2025-04-18T06:00:00+00:00,H022
D0382,A0112,530.81,SECONDARY,2025-04-18T06:00:00+00:00,H022
D0383,A0112,250.00,SECONDARY,2025-04-18T06:00:00+00:00,H022
D0384,A0113,428.0,PRIMARY,2025-04-11T06:00:00+00:00,H002
D0385,A0113,285.9,SECONDARY,2025-04-11T06:00:00+00:00,H002
D0386,A0113,530.81,SECONDARY,2025-04-11T06:00:00+00:00,H002
D0387,A0114,038.9,PRIMARY,2025-04-23T12:00:00+00:00,H013
D0388,A0114,995.92,SECONDARY,2025-04-23T12:00:00+00:00,H013
D0389,A0114,785.52,SECONDARY,2025-04-23T12:00:00+00:00,H013
D0390,A0114,486,SECONDARY,2025-04-23T12:00:00+00:00,H013
D0391,A0114,272.4,SECONDARY,2025-04-23T12:00:00+00:00,H013
D0392,A0114,244.9,SECONDARY,2025-04-23T12:00:00+00:00,H013
D0393,A0115,410.91,PRIMARY,2025-04-22T18:00:00+00:00,H023
D0394,A0115,401.9,SECONDARY,2025-04-22T18:00:00+00:00,H023
D0395,A0115,530.81,SECONDARY,2025-04-22T18:00:00+00:00,H023
D0396,A0116,540.9,PRIMARY,2025-04-15T18:00:00+00:00,H002
D0397,A0116,244.9,SECONDARY,2025-04-15T18:00:00+00:00,H002
D0398,A0116,530.81,SECONDARY,2025-04-15T18:00:00+00:00,H002
D0399,A0117,574.00,PRIMARY,2025-04-18T12:00:00+00:00,H012
D0400,A0117,250.00,SECONDARY,2025-04-18T12:00:00+00:00,H012
D0401,A0117,244.9,SECONDARY,2025-04-18T12:00:00+00:00,H012
D0402,A0118,820.21,PRIMARY,2025-04-23T18:00:00+00:00,H022
D0403,A0118,272.4,SECONDARY,2025-04-23T18:00:00+00:00,H022
D0404,A0118,244.9,SECONDARY,2025-04-23T18:00:00+00:00,H022
D0405,A0119,276.51,PRIMARY,2025-04-20T06:00:00+00:00,H002
D0406,A0119,530.81,SECONDARY,2025-04-20T06:00:00+00:00,H002
D0407,A0119,285.9,SECONDARY,2025-04-20T06:00:00+00:00,H002
D0408,A0120,682.6,PRIMARY,2025-04-23T00:00:00+00:00,H012
D0409,A0120,530.81,SECONDARY,2025-04-23T00:00:00+00:00,H012
D0410,A0120,401.9,SECONDARY,2025-04-23T00:00:00+00:00,H012
