examination_id,admission_id,order_id,performed_at,result_at,professional_id,examination_type,examination_name,result_text
EX0001,A0001,O0001,2025-01-03T08:00:00+00:00,2025-01-03T08:15:00+00:00,H019,LABORATORY,Complete blood count,Synthetic WBC 12.0 x10^9/L; review in episode context.
EX0002,A0001,O0002,2025-01-03T08:30:00+00:00,2025-01-03T08:45:00+00:00,H009,LABORATORY,Basic metabolic panel,Synthetic sodium 136 mmol/L; other values omitted.
EX0003,A0001,O0003,2025-01-03T09:00:00+00:00,2025-01-03T09:45:00+00:00,H020,RADIOLOGY,XR Chest,Synthetic imaging: Patchy lower-lung opacity.
EX0004,A0002,O0004,2025-02-17T08:00:00+00:00,2025-02-17T08:15:00+00:00,H019,LABORATORY,Complete blood count,Synthetic WBC 13.0 x10^9/L; review in episode context.
EX0005,A0002,O0005,2025-02-17T08:30:00+00:00,2025-02-17T08:45:00+00:00,H009,LABORATORY,Basic metabolic panel,Synthetic sodium 140 mmol/L; other values omitted.
EX0006,A0002,O0006,2025-02-17T09:00:00+00:00,2025-02-17T09:45:00+00:00,H020,RADIOLOGY,US Upper abdomen,Synthetic imaging: Gallstones with gallbladder wall thickening.
EX0007,A0003,O0007,2025-04-03T08:00:00+00:00,2025-04-03T08:15:00+00:00,H019,LABORATORY,Complete blood count,Synthetic WBC 11.1 x10^9/L; review in episode context.
EX0008,A0003,O0008,2025-04-03T08:30:00+00:00,2025-04-03T08:45:00+00:00,H009,LABORATORY,Basic metabolic panel,Synthetic sodium 138 mmol/L; other values omitted.
EX0009,A0003,O0009,2025-04-03T09:00:00+00:00,2025-04-03T09:45:00+00:00,H020,RADIOLOGY,XR Chest,Synthetic imaging: Diffuse bilateral airspace opacities.
EX0010,A0004,O0010,2025-05-18T08:00:00+00:00,2025-05-18T08:15:00+00:00,H019,LABORATORY,Complete blood count,Synthetic WBC 15.4 x10^9/L; review in episode context.
EX0011,A0004,O0011,2025-05-18T08:30:00+00:00,2025-05-18T08:45:00+00:00,H009,LABORATORY,Basic metabolic panel,Synthetic sodium 139 mmol/L; other values omitted.
EX0012,A0005,O0012,2025-07-02T08:00:00+00:00,2025-07-02T08:15:00+00:00,H019,LABORATORY,Complete blood count,Synthetic WBC 15.6 x10^9/L; review in episode context.
EX0013,A0005,O0013,2025-07-02T08:30:00+00:00,2025-07-02T08:45:00+00:00,H009,LABORATORY,Basic metabolic panel,Synthetic sodium 136 mmol/L; other values omitted.
EX0014,A0005,O0014,2025-07-02T09:00:00+00:00,2025-07-02T09:45:00+00:00,H020,RADIOLOGY,XR Chest,Synthetic imaging: Patchy lower-lung opacity.
EX0015,A0006,O0015,2025-01-05T08:00:00+00:00,2025-01-05T08:15:00+00:00,H009,LABORATORY,Complete blood count,Synthetic WBC 13.2 x10^9/L; review in episode context.
EX0016,A0006,O0016,2025-01-05T08:30:00+00:00,2025-01-05T08:45:00+00:00,H019,LABORATORY,Basic metabolic panel,Synthetic sodium 138 mmol/L; other values omitted.
EX0017,A0006,O0017,2025-01-05T09:00:00+00:00,2025-01-05T09:45:00+00:00,H010,RADIOLOGY,XR Chest,Synthetic imaging: Mild pulmonary vascular congestion.
EX0018,A0007,O0018,2025-02-19T08:00:00+00:00,2025-02-19T08:15:00+00:00,H009,LABORATORY,Complete blood count,Synthetic WBC 10.0 x10^9/L; review in episode context.
EX0019,A0007,O0019,2025-02-19T08:30:00+00:00,2025-02-19T08:45:00+00:00,H019,LABORATORY,Basic metabolic panel,Synthetic sodium 135 mmol/L; other values omitted.
EX0020,A0007,O0020,2025-02-19T09:00:00+00:00,2025-02-19T09:45:00+00:00,H010,RADIOLOGY,XR Hip,Synthetic imaging: Intertrochanteric fracture.
EX0021,A0008,O0021,2025-04-05T08:00:00+00:00,2025-04-05T08:15:00+00:00,H009,LABORATORY,Complete blood count,Synthetic WBC 13.0 x10^9/L; review in episode context.
EX0022,A0008,O0022,2025-04-05T08:30:00+00:00,2025-04-05T08:45:00+00:00,H019,LABORATORY,Basic metabolic panel,Synthetic sodium 143 mmol/L; other values omitted.
EX0023,A0009,O0023,2025-05-20T08:00:00+00:00,2025-05-20T08:15:00+00:00,H009,LABORATORY,Complete blood count,Synthetic WBC 12.7 x10^9/L; review in episode context.
EX0024,A0009,O0024,2025-05-20T08:30:00+00:00,2025-05-20T08:45:00+00:00,H019,LABORATORY,Basic metabolic panel,Synthetic sodium 139 mmol/L; other values omitted.
EX0025,A0009,O0025,2025-05-20T09:00:00+00:00,2025-05-20T09:45:00+00:00,H010,RADIOLOGY,CT Abdomen and pelvis,Synthetic imaging: Inflamed colonic diverticula with surrounding inflammatory change.
EX0026,A0010,O0026,2025-07-04T08:00:00+00:00,2025-07-04T08:15:00+00:00,H009,LABORATORY,Complete blood count,Synthetic WBC 15.9 x10^9/L; review in episode context.
EX0027,A0010,O0027,2025-07-04T08:30:00+00:00,2025-07-04T08:45:00+00:00,H019,LABORATORY,Basic metabolic panel,Synthetic sodium 141 mmol/L; other values omitted.
EX0028,A0010,O0028,2025-07-04T09:00:00+00:00,2025-07-04T09:45:00+00:00,H010,RADIOLOGY,XR Chest,Synthetic imaging: Mild pulmonary vascular congestion.
EX0029,A0011,O0029,2025-01-07T08:00:00+00:00,2025-01-07T08:15:00+00:00,H019,LABORATORY,Complete blood count,Synthetic WBC 10.5 x10^9/L; review in episode context.
EX0030,A0011,O0030,2025-01-07T08:30:00+00:00,2025-01-07T08:45:00+00:00,H009,LABORATORY,Basic metabolic panel,Synthetic sodium 136 mmol/L; other values omitted.
EX0031,A0011,O0031,2025-01-07T09:00:00+00:00,2025-01-07T09:45:00+00:00,H020,RADIOLOGY,CT Abdomen and pelvis,Synthetic imaging: Inflamed appendix without visible abscess.
EX0032,A0012,O0032,2025-02-21T08:00:00+00:00,2025-02-21T08:15:00+00:00,H019,LABORATORY,Complete blood count,Synthetic WBC 11.9 x10^9/L; review in episode context.
EX0033,A0012,O0033,2025-02-21T08:30:00+00:00,2025-02-21T08:45:00+00:00,H009,LABORATORY,Basic metabolic panel,Synthetic sodium 137 mmol/L; other values omitted.
EX0034,A0012,O0034,2025-02-21T09:00:00+00:00,2025-02-21T09:45:00+00:00,H020,RADIOLOGY,XR Chest,Synthetic imaging: Bilateral patchy pulmonary opacities.
EX0035,A0013,O0035,2025-04-07T08:00:00+00:00,2025-04-07T08:15:00+00:00,H019,LABORATORY,Complete blood count,Synthetic WBC 15.9 x10^9/L; review in episode context.
EX0036,A0013,O0036,2025-04-07T08:30:00+00:00,2025-04-07T08:45:00+00:00,H009,LABORATORY,Basic metabolic panel,Synthetic sodium 140 mmol/L; other values omitted.
EX0037,A0013,O0037,2025-04-07T09:00:00+00:00,2025-04-07T09:45:00+00:00,H020,RADIOLOGY,CT Head,Synthetic imaging: Focal ischemic change without visible hemorrhage.
EX0038,A0014,O0038,2025-05-22T08:00:00+00:00,2025-05-22T08:15:00+00:00,H019,LABORATORY,Complete blood count,Synthetic WBC 14.3 x10^9/L; review in episode context.
EX0039,A0014,O0039,2025-05-22T08:30:00+00:00,2025-05-22T08:45:00+00:00,H009,LABORATORY,Basic metabolic panel,Synthetic sodium 140 mmol/L; other values omitted.
EX0040,A0014,O0040,2025-05-22T09:00:00+00:00,2025-05-22T09:45:00+00:00,H020,RADIOLOGY,XR Chest,Synthetic imaging: Pulmonary edema and enlarged cardiac silhouette.
EX0041,A0015,O0041,2025-07-06T08:00:00+00:00,2025-07-06T08:15:00+00:00,H019,LABORATORY,Complete blood count,Synthetic WBC 10.5 x10^9/L; review in episode context.
EX0042,A0015,O0042,2025-07-06T08:30:00+00:00,2025-07-06T08:45:00+00:00,H009,LABORATORY,Basic metabolic panel,Synthetic sodium 140 mmol/L; other values omitted.
EX0043,A0015,O0043,2025-07-06T09:00:00+00:00,2025-07-06T09:45:00+00:00,H020,RADIOLOGY,CT Abdomen and pelvis,Synthetic imaging: Inflamed appendix without visible abscess.
EX0044,A0016,O0044,2025-01-09T08:00:00+00:00,2025-01-09T08:15:00+00:00,H009,LABORATORY,Complete blood count,Synthetic WBC 15.4 x10^9/L; review in episode context.
EX0045,A0016,O0045,2025-01-09T08:30:00+00:00,2025-01-09T08:45:00+00:00,H019,LABORATORY,Basic metabolic panel,Synthetic sodium 143 mmol/L; other values omitted.
EX0046,A0016,O0046,2025-01-09T09:00:00+00:00,2025-01-09T09:45:00+00:00,H010,RADIOLOGY,US Upper abdomen,Synthetic imaging: Gallstones with gallbladder wall thickening.
EX0047,A0017,O0047,2025-02-23T08:00:00+00:00,2025-02-23T08:15:00+00:00,H009,LABORATORY,Complete blood count,Synthetic WBC 11.0 x10^9/L; review in episode context.
EX0048,A0017,O0048,2025-02-23T08:30:00+00:00,2025-02-23T08:45:00+00:00,H019,LABORATORY,Basic metabolic panel,Synthetic sodium 139 mmol/L; other values omitted.
EX0049,A0017,O0049,2025-02-23T09:00:00+00:00,2025-02-23T09:45:00+00:00,H010,RADIOLOGY,XR Chest,Synthetic imaging: Diffuse bilateral airspace opacities.
EX0050,A0018,O0050,2025-04-09T08:00:00+00:00,2025-04-09T08:15:00+00:00,H009,LABORATORY,Complete blood count,Synthetic WBC 13.0 x10^9/L; review in episode context.
EX0051,A0018,O0051,2025-04-09T08:30:00+00:00,2025-04-09T08:45:00+00:00,H019,LABORATORY,Basic metabolic panel,Synthetic sodium 143 mmol/L; other values omitted.
EX0052,A0019,O0052,2025-05-24T08:00:00+00:00,2025-05-24T08:15:00+00:00,H009,LABORATORY,Complete blood count,Synthetic WBC 11.7 x10^9/L; review in episode context.
EX0053,A0019,O0053,2025-05-24T08:30:00+00:00,2025-05-24T08:45:00+00:00,H019,LABORATORY,Basic metabolic panel,Synthetic sodium 143 mmol/L; other values omitted.
EX0054,A0019,O0054,2025-05-24T09:00:00+00:00,2025-05-24T09:45:00+00:00,H010,RADIOLOGY,XR Chest,Synthetic imaging: Patchy lower-lung opacity.
EX0055,A0020,O0055,2025-07-08T08:00:00+00:00,2025-07-08T08:15:00+00:00,H009,LABORATORY,Complete blood count,Synthetic WBC 14.3 x10^9/L; review in episode context.
EX0056,A0020,O0056,2025-07-08T08:30:00+00:00,2025-07-08T08:45:00+00:00,H019,LABORATORY,Basic metabolic panel,Synthetic sodium 135 mmol/L; other values omitted.
EX0057,A0020,O0057,2025-07-08T09:00:00+00:00,2025-07-08T09:45:00+00:00,H010,RADIOLOGY,US Upper abdomen,Synthetic imaging: Gallstones with gallbladder wall thickening.
EX0058,A0021,O0058,2025-01-11T08:00:00+00:00,2025-01-11T08:15:00+00:00,H019,LABORATORY,Complete blood count,Synthetic WBC 10.7 x10^9/L; review in episode context.
EX0059,A0021,O0059,2025-01-11T08:30:00+00:00,2025-01-11T08:45:00+00:00,H009,LABORATORY,Basic metabolic panel,Synthetic sodium 142 mmol/L; other values omitted.
EX0060,A0021,O0060,2025-01-11T09:00:00+00:00,2025-01-11T09:45:00+00:00,H020,RADIOLOGY,XR Hip,Synthetic imaging: Intertrochanteric fracture.
EX0061,A0022,O0061,2025-02-25T08:00:00+00:00,2025-02-25T08:15:00+00:00,H019,LABORATORY,Complete blood count,Synthetic WBC 12.1 x10^9/L; review in episode context.
EX0062,A0022,O0062,2025-02-25T08:30:00+00:00,2025-02-25T08:45:00+00:00,H009,LABORATORY,Basic metabolic panel,Synthetic sodium 135 mmol/L; other values omitted.
EX0063,A0023,O0063,2025-04-11T08:00:00+00:00,2025-04-11T08:15:00+00:00,H019,LABORATORY,Complete blood count,Synthetic WBC 12.8 x10^9/L; review in episode context.
EX0064,A0023,O0064,2025-04-11T08:30:00+00:00,2025-04-11T08:45:00+00:00,H009,LABORATORY,Basic metabolic panel,Synthetic sodium 140 mmol/L; other values omitted.
EX0065,A0023,O0065,2025-04-11T09:00:00+00:00,2025-04-11T09:45:00+00:00,H020,RADIOLOGY,CT Abdomen and pelvis,Synthetic imaging: Inflamed colonic diverticula with surrounding inflammatory change.
EX0066,A0024,O0066,2025-05-26T08:00:00+00:00,2025-05-26T08:15:00+00:00,H019,LABORATORY,Complete blood count,Synthetic WBC 10.6 x10^9/L; review in episode context.
EX0067,A0024,O0067,2025-05-26T08:30:00+00:00,2025-05-26T08:45:00+00:00,H009,LABORATORY,Basic metabolic panel,Synthetic sodium 142 mmol/L; other values omitted.
EX0068,A0024,O0068,2025-05-26T09:00:00+00:00,2025-05-26T09:45:00+00:00,H020,RADIOLOGY,XR Chest,Synthetic imaging: Mild pulmonary vascular congestion.
EX0069,A0025,O0069,2025-07-10T08:00:00+00:00,2025-07-10T08:15:00+00:00,H019,LABORATORY,Complete blood count,Synthetic WBC 10.6 x10^9/L; review in episode context.
EX0070,A0025,O0070,2025-07-10T08:30:00+00:00,2025-07-10T08:45:00+00:00,H009,LABORATORY,Basic metabolic panel,Synthetic sodium 142 mmol/L; other values omitted.
EX0071,A0025,O0071,2025-07-10T09:00:00+00:00,2025-07-10T09:45:00+00:00,H020,RADIOLOGY,XR Hip,Synthetic imaging: Intertrochanteric fracture.
EX0072,A0026,O0072,2025-01-13T08:00:00+00:00,2025-01-13T08:15:00+00:00,H009,LABORATORY,Complete blood count,Synthetic WBC 16.1 x10^9/L; review in episode context.
EX0073,A0026,O0073,2025-01-13T08:30:00+00:00,2025-01-13T08:45:00+00:00,H019,LABORATORY,Basic metabolic panel,Synthetic sodium 135 mmol/L; other values omitted.
EX0074,A0026,O0074,2025-01-13T09:00:00+00:00,2025-01-13T09:45:00+00:00,H010,RADIOLOGY,XR Chest,Synthetic imaging: Bilateral patchy pulmonary opacities.
EX0075,A0027,O0075,2025-02-27T08:00:00+00:00,2025-02-27T08:15:00+00:00,H009,LABORATORY,Complete blood count,Synthetic WBC 11.2 x10^9/L; review in episode context.
EX0076,A0027,O0076,2025-02-27T08:30:00+00:00,2025-02-27T08:45:00+00:00,H019,LABORATORY,Basic metabolic panel,Synthetic sodium 140 mmol/L; other values omitted.
EX0077,A0027,O0077,2025-02-27T09:00:00+00:00,2025-02-27T09:45:00+00:00,H010,RADIOLOGY,CT Head,Synthetic imaging: Focal ischemic change without visible hemorrhage.
EX0078,A0028,O0078,2025-04-13T08:00:00+00:00,2025-04-13T08:15:00+00:00,H009,LABORATORY,Complete blood count,Synthetic WBC 12.9 x10^9/L; review in episode context.
EX0079,A0028,O0079,2025-04-13T08:30:00+00:00,2025-04-13T08:45:00+00:00,H019,LABORATORY,Basic metabolic panel,Synthetic sodium 135 mmol/L; other values omitted.
EX0080,A0028,O0080,2025-04-13T09:00:00+00:00,2025-04-13T09:45:00+00:00,H010,RADIOLOGY,XR Chest,Synthetic imaging: Pulmonary edema and enlarged cardiac silhouette.
EX0081,A0029,O0081,2025-01-15T08:00:00+00:00,2025-01-15T08:15:00+00:00,H019,LABORATORY,Complete blood count,Synthetic WBC 10.8 x10^9/L; review in episode context.
EX0082,A0029,O0082,2025-01-15T08:30:00+00:00,2025-01-15T08:45:00+00:00,H009,LABORATORY,Basic metabolic panel,Synthetic sodium 143 mmol/L; other values omitted.
EX0083,A0029,O0083,2025-01-15T09:00:00+00:00,2025-01-15T09:45:00+00:00,H020,RADIOLOGY,XR Chest,Synthetic imaging: Diffuse bilateral airspace opacities.
EX0084,A0030,O0084,2025-03-01T08:00:00+00:00,2025-03-01T08:15:00+00:00,H019,LABORATORY,Complete blood count,Synthetic WBC 13.6 x10^9/L; review in episode context.
EX0085,A0030,O0085,2025-03-01T08:30:00+00:00,2025-03-01T08:45:00+00:00,H009,LABORATORY,Basic metabolic panel,Synthetic sodium 140 mmol/L; other values omitted.
EX0086,A0031,O0086,2025-04-15T08:00:00+00:00,2025-04-15T08:15:00+00:00,H019,LABORATORY,Complete blood count,Synthetic WBC 13.2 x10^9/L; review in episode context.
EX0087,A0031,O0087,2025-04-15T08:30:00+00:00,2025-04-15T08:45:00+00:00,H009,LABORATORY,Basic metabolic panel,Synthetic sodium 137 mmol/L; other values omitted.
EX0088,A0031,O0088,2025-04-15T09:00:00+00:00,2025-04-15T09:45:00+00:00,H020,RADIOLOGY,XR Chest,Synthetic imaging: Patchy lower-lung opacity.
EX0089,A0032,O0089,2025-01-17T08:00:00+00:00,2025-01-17T08:15:00+00:00,H009,LABORATORY,Complete blood count,Synthetic WBC 14.6 x10^9/L; review in episode context.
EX0090,A0032,O0090,2025-01-17T08:30:00+00:00,2025-01-17T08:45:00+00:00,H019,LABORATORY,Basic metabolic panel,Synthetic sodium 138 mmol/L; other values omitted.
EX0091,A0033,O0091,2025-03-03T08:00:00+00:00,2025-03-03T08:15:00+00:00,H009,LABORATORY,Complete blood count,Synthetic WBC 11.4 x10^9/L; review in episode context.
EX0092,A0033,O0092,2025-03-03T08:30:00+00:00,2025-03-03T08:45:00+00:00,H019,LABORATORY,Basic metabolic panel,Synthetic sodium 137 mmol/L; other values omitted.
EX0093,A0033,O0093,2025-03-03T09:00:00+00:00,2025-03-03T09:45:00+00:00,H010,RADIOLOGY,CT Abdomen and pelvis,Synthetic imaging: Inflamed colonic diverticula with surrounding inflammatory change.
EX0094,A0034,O0094,2025-04-17T08:00:00+00:00,2025-04-17T08:15:00+00:00,H009,LABORATORY,Complete blood count,Synthetic WBC 13.7 x10^9/L; review in episode context.
EX0095,A0034,O0095,2025-04-17T08:30:00+00:00,2025-04-17T08:45:00+00:00,H019,LABORATORY,Basic metabolic panel,Synthetic sodium 141 mmol/L; other values omitted.
EX0096,A0034,O0096,2025-04-17T09:00:00+00:00,2025-04-17T09:45:00+00:00,H010,RADIOLOGY,XR Chest,Synthetic imaging: Mild pulmonary vascular congestion.
EX0097,A0035,O0097,2025-01-19T08:00:00+00:00,2025-01-19T08:15:00+00:00,H019,LABORATORY,Complete blood count,Synthetic WBC 11.3 x10^9/L; review in episode context.
EX0098,A0035,O0098,2025-01-19T08:30:00+00:00,2025-01-19T08:45:00+00:00,H009,LABORATORY,Basic metabolic panel,Synthetic sodium 141 mmol/L; other values omitted.
EX0099,A0035,O0099,2025-01-19T09:00:00+00:00,2025-01-19T09:45:00+00:00,H020,RADIOLOGY,CT Head,Synthetic imaging: Focal ischemic change without visible hemorrhage.
EX0100,A0036,O0100,2025-03-05T08:00:00+00:00,2025-03-05T08:15:00+00:00,H019,LABORATORY,Complete blood count,Synthetic WBC 14.6 x10^9/L; review in episode context.
EX0101,A0036,O0101,2025-03-05T08:30:00+00:00,2025-03-05T08:45:00+00:00,H009,LABORATORY,Basic metabolic panel,Synthetic sodium 143 mmol/L; other values omitted.
EX0102,A0036,O0102,2025-03-05T09:00:00+00:00,2025-03-05T09:45:00+00:00,H020,RADIOLOGY,XR Chest,Synthetic imaging: Pulmonary edema and enlarged cardiac silhouette.
EX0103,A0037,O0103,2025-04-19T08:00:00+00:00,2025-04-19T08:15:00+00:00,H019,LABORATORY,Complete blood count,Synthetic WBC 12.4 x10^9/L; review in episode context.
EX0104,A0037,O0104,2025-04-19T08:30:00+00:00,2025-04-19T08:45:00+00:00,H009,LABORATORY,Basic metabolic panel,Synthetic sodium 136 mmol/L; other values omitted.
EX0105,A0037,O0105,2025-04-19T09:00:00+00:00,2025-04-19T09:45:00+00:00,H020,RADIOLOGY,CT Abdomen and pelvis,Synthetic imaging: Inflamed appendix without visible abscess.
EX0106,A0038,O0106,2025-01-21T08:00:00+00:00,2025-01-21T08:15:00+00:00,H009,LABORATORY,Complete blood count,Synthetic WBC 16.0 x10^9/L; review in episode context.
EX0107,A0038,O0107,2025-01-21T08:30:00+00:00,2025-01-21T08:45:00+00:00,H019,LABORATORY,Basic metabolic panel,Synthetic sodium 140 mmol/L; other values omitted.
EX0108,A0039,O0108,2025-03-07T08:00:00+00:00,2025-03-07T08:15:00+00:00,H009,LABORATORY,Complete blood count,Synthetic WBC 12.8 x10^9/L; review in episode context.
EX0109,A0039,O0109,2025-03-07T08:30:00+00:00,2025-03-07T08:45:00+00:00,H019,LABORATORY,Basic metabolic panel,Synthetic sodium 136 mmol/L; other values omitted.
EX0110,A0039,O0110,2025-03-07T09:00:00+00:00,2025-03-07T09:45:00+00:00,H010,RADIOLOGY,XR Chest,Synthetic imaging: Patchy lower-lung opacity.
EX0111,A0040,O0111,2025-04-21T08:00:00+00:00,2025-04-21T08:15:00+00:00,H009,LABORATORY,Complete blood count,Synthetic WBC 11.2 x10^9/L; review in episode context.
EX0112,A0040,O0112,2025-04-21T08:30:00+00:00,2025-04-21T08:45:00+00:00,H019,LABORATORY,Basic metabolic panel,Synthetic sodium 143 mmol/L; other values omitted.
EX0113,A0040,O0113,2025-04-21T09:00:00+00:00,2025-04-21T09:45:00+00:00,H010,RADIOLOGY,US Upper abdomen,Synthetic imaging: Gallstones with gallbladder wall thickening.
EX0114,A0041,O0114,2025-01-23T08:00:00+00:00,2025-01-23T08:15:00+00:00,H019,LABORATORY,Complete blood count,Synthetic WBC 12.7 x10^9/L; review in episode context.
EX0115,A0041,O0115,2025-01-23T08:30:00+00:00,2025-01-23T08:45:00+00:00,H009,LABORATORY,Basic metabolic panel,Synthetic sodium 135 mmol/L; other values omitted.
EX0116,A0041,O0116,2025-01-23T09:00:00+00:00,2025-01-23T09:45:00+00:00,H020,RADIOLOGY,CT Abdomen and pelvis,Synthetic imaging: Inflamed colonic diverticula with surrounding inflammatory change.
EX0117,A0042,O0117,2025-03-09T08:00:00+00:00,2025-03-09T08:15:00+00:00,H019,LABORATORY,Complete blood count,Synthetic WBC 11.4 x10^9/L; review in episode context.
EX0118,A0042,O0118,2025-03-09T08:30:00+00:00,2025-03-09T08:45:00+00:00,H009,LABORATORY,Basic metabolic panel,Synthetic sodium 136 mmol/L; other values omitted.
EX0119,A0042,O0119,2025-03-09T09:00:00+00:00,2025-03-09T09:45:00+00:00,H020,RADIOLOGY,XR Chest,Synthetic imaging: Mild pulmonary vascular congestion.
EX0120,A0043,O0120,2025-04-23T08:00:00+00:00,2025-04-23T08:15:00+00:00,H019,LABORATORY,Complete blood count,Synthetic WBC 15.4 x10^9/L; review in episode context.
EX0121,A0043,O0121,2025-04-23T08:30:00+00:00,2025-04-23T08:45:00+00:00,H009,LABORATORY,Basic metabolic panel,Synthetic sodium 141 mmol/L; other values omitted.
EX0122,A0043,O0122,2025-04-23T09:00:00+00:00,2025-04-23T09:45:00+00:00,H020,RADIOLOGY,XR Hip,Synthetic imaging: Intertrochanteric fracture.
EX0123,A0044,O0123,2025-01-25T08:00:00+00:00,2025-01-25T08:15:00+00:00,H009,LABORATORY,Complete blood count,Synthetic WBC 10.0 x10^9/L; review in episode context.
EX0124,A0044,O0124,2025-01-25T08:30:00+00:00,2025-01-25T08:45:00+00:00,H019,LABORATORY,Basic metabolic panel,Synthetic sodium 135 mmol/L; other values omitted.
EX0125,A0044,O0125,2025-01-25T09:00:00+00:00,2025-01-25T09:45:00+00:00,H010,RADIOLOGY,XR Chest,Synthetic imaging: Pulmonary edema and enlarged cardiac silhouette.
EX0126,A0045,O0126,2025-03-11T08:00:00+00:00,2025-03-11T08:15:00+00:00,H009,LABORATORY,Complete blood count,Synthetic WBC 15.1 x10^9/L; review in episode context.
EX0127,A0045,O0127,2025-03-11T08:30:00+00:00,2025-03-11T08:45:00+00:00,H019,LABORATORY,Basic metabolic panel,Synthetic sodium 140 mmol/L; other values omitted.
EX0128,A0045,O0128,2025-03-11T09:00:00+00:00,2025-03-11T09:45:00+00:00,H010,RADIOLOGY,CT Abdomen and pelvis,Synthetic imaging: Inflamed appendix without visible abscess.
EX0129,A0046,O0129,2025-04-25T08:00:00+00:00,2025-04-25T08:15:00+00:00,H009,LABORATORY,Complete blood count,Synthetic WBC 13.9 x10^9/L; review in episode context.
EX0130,A0046,O0130,2025-04-25T08:30:00+00:00,2025-04-25T08:45:00+00:00,H019,LABORATORY,Basic metabolic panel,Synthetic sodium 140 mmol/L; other values omitted.
EX0131,A0046,O0131,2025-04-25T09:00:00+00:00,2025-04-25T09:45:00+00:00,H010,RADIOLOGY,XR Chest,Synthetic imaging: Bilateral patchy pulmonary opacities.
EX0132,A0047,O0132,2025-01-27T08:00:00+00:00,2025-01-27T08:15:00+00:00,H019,LABORATORY,Complete blood count,Synthetic WBC 15.8 x10^9/L; review in episode context.
EX0133,A0047,O0133,2025-01-27T08:30:00+00:00,2025-01-27T08:45:00+00:00,H009,LABORATORY,Basic metabolic panel,Synthetic sodium 141 mmol/L; other values omitted.
EX0134,A0047,O0134,2025-01-27T09:00:00+00:00,2025-01-27T09:45:00+00:00,H020,RADIOLOGY,XR Chest,Synthetic imaging: Patchy lower-lung opacity.
EX0135,A0048,O0135,2025-03-13T08:00:00+00:00,2025-03-13T08:15:00+00:00,H019,LABORATORY,Complete blood count,Synthetic WBC 10.4 x10^9/L; review in episode context.
EX0136,A0048,O0136,2025-03-13T08:30:00+00:00,2025-03-13T08:45:00+00:00,H009,LABORATORY,Basic metabolic panel,Synthetic sodium 142 mmol/L; other values omitted.
EX0137,A0048,O0137,2025-03-13T09:00:00+00:00,2025-03-13T09:45:00+00:00,H020,RADIOLOGY,US Upper abdomen,Synthetic imaging: Gallstones with gallbladder wall thickening.
EX0138,A0049,O0138,2025-04-27T08:00:00+00:00,2025-04-27T08:15:00+00:00,H019,LABORATORY,Complete blood count,Synthetic WBC 14.4 x10^9/L; review in episode context.
EX0139,A0049,O0139,2025-04-27T08:30:00+00:00,2025-04-27T08:45:00+00:00,H009,LABORATORY,Basic metabolic panel,Synthetic sodium 139 mmol/L; other values omitted.
EX0140,A0049,O0140,2025-04-27T09:00:00+00:00,2025-04-27T09:45:00+00:00,H020,RADIOLOGY,XR Chest,Synthetic imaging: Diffuse bilateral airspace opacities.
EX0141,A0050,O0141,2025-01-29T08:00:00+00:00,2025-01-29T08:15:00+00:00,H009,LABORATORY,Complete blood count,Synthetic WBC 13.6 x10^9/L; review in episode context.
EX0142,A0050,O0142,2025-01-29T08:30:00+00:00,2025-01-29T08:45:00+00:00,H019,LABORATORY,Basic metabolic panel,Synthetic sodium 138 mmol/L; other values omitted.
EX0143,A0050,O0143,2025-01-29T09:00:00+00:00,2025-01-29T09:45:00+00:00,H010,RADIOLOGY,XR Chest,Synthetic imaging: Mild pulmonary vascular congestion.
EX0144,A0051,O0144,2025-03-15T08:00:00+00:00,2025-03-15T08:15:00+00:00,H009,LABORATORY,Complete blood count,Synthetic WBC 11.9 x10^9/L; review in episode context.
EX0145,A0051,O0145,2025-03-15T08:30:00+00:00,2025-03-15T08:45:00+00:00,H019,LABORATORY,Basic metabolic panel,Synthetic sodium 143 mmol/L; other values omitted.
EX0146,A0051,O0146,2025-03-15T09:00:00+00:00,2025-03-15T09:45:00+00:00,H010,RADIOLOGY,XR Hip,Synthetic imaging: Intertrochanteric fracture.
EX0147,A0052,O0147,2025-04-29T08:00:00+00:00,2025-04-29T08:15:00+00:00,H009,LABORATORY,Complete blood count,Synthetic WBC 10.5 x10^9/L; review in episode context.
EX0148,A0052,O0148,2025-04-29T08:30:00+00:00,2025-04-29T08:45:00+00:00,H019,LABORATORY,Basic metabolic panel,Synthetic sodium 142 mmol/L; other values omitted.
EX0149,A0053,O0149,2025-01-31T08:00:00+00:00,2025-01-31T08:15:00+00:00,H019,LABORATORY,Complete blood count,Synthetic WBC 10.4 x10^9/L; review in episode context.
EX0150,A0053,O0150,2025-01-31T08:30:00+00:00,2025-01-31T08:45:00+00:00,H009,LABORATORY,Basic metabolic panel,Synthetic sodium 140 mmol/L; other values omitted.
EX0151,A0053,O0151,2025-01-31T09:00:00+00:00,2025-01-31T09:45:00+00:00,H020,RADIOLOGY,CT Abdomen and pelvis,Synthetic imaging: Inflamed appendix without visible abscess.
EX0152,A0054,O0152,2025-03-17T08:00:00+00:00,2025-03-17T08:15:00+00:00,H019,LABORATORY,Complete blood count,Synthetic WBC 15.9 x10^9/L; review in episode context.
EX0153,A0054,O0153,2025-03-17T08:30:00+00:00,2025-03-17T08:45:00+00:00,H009,LABORATORY,Basic metabolic panel,Synthetic sodium 135 mmol/L; other values omitted.
EX0154,A0054,O0154,2025-03-17T09:00:00+00:00,2025-03-17T09:45:00+00:00,H020,RADIOLOGY,XR Chest,Synthetic imaging: Bilateral patchy pulmonary opacities.
EX0155,A0055,O0155,2025-05-01T08:00:00+00:00,2025-05-01T08:15:00+00:00,H019,LABORATORY,Complete blood count,Synthetic WBC 11.8 x10^9/L; review in episode context.
EX0156,A0055,O0156,2025-05-01T08:30:00+00:00,2025-05-01T08:45:00+00:00,H009,LABORATORY,Basic metabolic panel,Synthetic sodium 143 mmol/L; other values omitted.
EX0157,A0055,O0157,2025-05-01T09:00:00+00:00,2025-05-01T09:45:00+00:00,H020,RADIOLOGY,CT Head,Synthetic imaging: Focal ischemic change without visible hemorrhage.
EX0158,A0056,O0158,2025-02-02T08:00:00+00:00,2025-02-02T08:15:00+00:00,H009,LABORATORY,Complete blood count,Synthetic WBC 10.7 x10^9/L; review in episode context.
EX0159,A0056,O0159,2025-02-02T08:30:00+00:00,2025-02-02T08:45:00+00:00,H019,LABORATORY,Basic metabolic panel,Synthetic sodium 139 mmol/L; other values omitted.
EX0160,A0056,O0160,2025-02-02T09:00:00+00:00,2025-02-02T09:45:00+00:00,H010,RADIOLOGY,US Upper abdomen,Synthetic imaging: Gallstones with gallbladder wall thickening.
EX0161,A0057,O0161,2025-03-19T08:00:00+00:00,2025-03-19T08:15:00+00:00,H009,LABORATORY,Complete blood count,Synthetic WBC 14.0 x10^9/L; review in episode context.
EX0162,A0057,O0162,2025-03-19T08:30:00+00:00,2025-03-19T08:45:00+00:00,H019,LABORATORY,Basic metabolic panel,Synthetic sodium 142 mmol/L; other values omitted.
EX0163,A0057,O0163,2025-03-19T09:00:00+00:00,2025-03-19T09:45:00+00:00,H010,RADIOLOGY,XR Chest,Synthetic imaging: Diffuse bilateral airspace opacities.
EX0164,A0058,O0164,2025-02-04T08:00:00+00:00,2025-02-04T08:15:00+00:00,H019,LABORATORY,Complete blood count,Synthetic WBC 15.3 x10^9/L; review in episode context.
EX0165,A0058,O0165,2025-02-04T08:30:00+00:00,2025-02-04T08:45:00+00:00,H009,LABORATORY,Basic metabolic panel,Synthetic sodium 138 mmol/L; other values omitted.
EX0166,A0058,O0166,2025-02-04T09:00:00+00:00,2025-02-04T09:45:00+00:00,H020,RADIOLOGY,XR Hip,Synthetic imaging: Intertrochanteric fracture.
EX0167,A0059,O0167,2025-03-21T08:00:00+00:00,2025-03-21T08:15:00+00:00,H019,LABORATORY,Complete blood count,Synthetic WBC 10.3 x10^9/L; review in episode context.
EX0168,A0059,O0168,2025-03-21T08:30:00+00:00,2025-03-21T08:45:00+00:00,H009,LABORATORY,Basic metabolic panel,Synthetic sodium 142 mmol/L; other values omitted.
EX0169,A0060,O0169,2025-02-06T08:00:00+00:00,2025-02-06T08:15:00+00:00,H009,LABORATORY,Complete blood count,Synthetic WBC 16.9 x10^9/L; review in episode context.
EX0170,A0060,O0170,2025-02-06T08:30:00+00:00,2025-02-06T08:45:00+00:00,H019,LABORATORY,Basic metabolic panel,Synthetic sodium 138 mmol/L; other values omitted.
EX0171,A0060,O0171,2025-02-06T09:00:00+00:00,2025-02-06T09:45:00+00:00,H010,RADIOLOGY,XR Chest,Synthetic imaging: Bilateral patchy pulmonary opacities.
EX0172,A0061,O0172,2025-03-23T08:00:00+00:00,2025-03-23T08:15:00+00:00,H009,LABORATORY,Complete blood count,Synthetic WBC 16.6 x10^9/L; review in episode context.
EX0173,A0061,O0173,2025-03-23T08:30:00+00:00,2025-03-23T08:45:00+00:00,H019,LABORATORY,Basic metabolic panel,Synthetic sodium 136 mmol/L; other values omitted.
EX0174,A0061,O0174,2025-03-23T09:00:00+00:00,2025-03-23T09:45:00+00:00,H010,RADIOLOGY,CT Head,Synthetic imaging: Focal ischemic change without visible hemorrhage.
EX0175,A0062,O0175,2025-02-08T08:00:00+00:00,2025-02-08T08:15:00+00:00,H019,LABORATORY,Complete blood count,Synthetic WBC 10.5 x10^9/L; review in episode context.
EX0176,A0062,O0176,2025-02-08T08:30:00+00:00,2025-02-08T08:45:00+00:00,H009,LABORATORY,Basic metabolic panel,Synthetic sodium 137 mmol/L; other values omitted.
EX0177,A0062,O0177,2025-02-08T09:00:00+00:00,2025-02-08T09:45:00+00:00,H020,RADIOLOGY,XR Chest,Synthetic imaging: Diffuse bilateral airspace opacities.
EX0178,A0063,O0178,2025-03-25T08:00:00+00:00,2025-03-25T08:15:00+00:00,H019,LABORATORY,Complete blood count,Synthetic WBC 11.6 x10^9/L; review in episode context.
EX0179,A0063,O0179,2025-03-25T08:30:00+00:00,2025-03-25T08:45:00+00:00,H009,LABORATORY,Basic metabolic panel,Synthetic sodium 142 mmol/L; other values omitted.
EX0180,A0064,O0180,2025-02-10T08:00:00+00:00,2025-02-10T08:15:00+00:00,H009,LABORATORY,Complete blood count,Synthetic WBC 11.8 x10^9/L; review in episode context.
EX0181,A0064,O0181,2025-02-10T08:30:00+00:00,2025-02-10T08:45:00+00:00,H019,LABORATORY,Basic metabolic panel,Synthetic sodium 140 mmol/L; other values omitted.
EX0182,A0065,O0182,2025-03-27T08:00:00+00:00,2025-03-27T08:15:00+00:00,H009,LABORATORY,Complete blood count,Synthetic WBC 15.9 x10^9/L; review in episode context.
EX0183,A0065,O0183,2025-03-27T08:30:00+00:00,2025-03-27T08:45:00+00:00,H019,LABORATORY,Basic metabolic panel,Synthetic sodium 141 mmol/L; other values omitted.
EX0184,A0065,O0184,2025-03-27T09:00:00+00:00,2025-03-27T09:45:00+00:00,H010,RADIOLOGY,CT Abdomen and pelvis,Synthetic imaging: Inflamed colonic diverticula with surrounding inflammatory change.
EX0185,A0066,O0185,2025-02-12T08:00:00+00:00,2025-02-12T08:15:00+00:00,H019,LABORATORY,Complete blood count,Synthetic WBC 15.9 x10^9/L; review in episode context.
EX0186,A0066,O0186,2025-02-12T08:30:00+00:00,2025-02-12T08:45:00+00:00,H009,LABORATORY,Basic metabolic panel,Synthetic sodium 141 mmol/L; other values omitted.
EX0187,A0066,O0187,2025-02-12T09:00:00+00:00,2025-02-12T09:45:00+00:00,H020,RADIOLOGY,CT Head,Synthetic imaging: Focal ischemic change without visible hemorrhage.
EX0188,A0067,O0188,2025-03-29T08:00:00+00:00,2025-03-29T08:15:00+00:00,H019,LABORATORY,Complete blood count,Synthetic WBC 15.9 x10^9/L; review in episode context.
EX0189,A0067,O0189,2025-03-29T08:30:00+00:00,2025-03-29T08:45:00+00:00,H009,LABORATORY,Basic metabolic panel,Synthetic sodium 139 mmol/L; other values omitted.
EX0190,A0067,O0190,2025-03-29T09:00:00+00:00,2025-03-29T09:45:00+00:00,H020,RADIOLOGY,XR Chest,Synthetic imaging: Pulmonary edema and enlarged cardiac silhouette.
EX0191,A0068,O0191,2025-02-14T08:00:00+00:00,2025-02-14T08:15:00+00:00,H009,LABORATORY,Complete blood count,Synthetic WBC 15.2 x10^9/L; review in episode context.
EX0192,A0068,O0192,2025-02-14T08:30:00+00:00,2025-02-14T08:45:00+00:00,H019,LABORATORY,Basic metabolic panel,Synthetic sodium 142 mmol/L; other values omitted.
EX0193,A0069,O0193,2025-03-31T08:00:00+00:00,2025-03-31T08:15:00+00:00,H009,LABORATORY,Complete blood count,Synthetic WBC 16.1 x10^9/L; review in episode context.
EX0194,A0069,O0194,2025-03-31T08:30:00+00:00,2025-03-31T08:45:00+00:00,H019,LABORATORY,Basic metabolic panel,Synthetic sodium 143 mmol/L; other values omitted.
EX0195,A0069,O0195,2025-03-31T09:00:00+00:00,2025-03-31T09:45:00+00:00,H010,RADIOLOGY,XR Chest,Synthetic imaging: Patchy lower-lung opacity.
EX0196,A0070,O0196,2025-02-16T08:00:00+00:00,2025-02-16T08:15:00+00:00,H019,LABORATORY,Complete blood count,Synthetic WBC 10.1 x10^9/L; review in episode context.
EX0197,A0070,O0197,2025-02-16T08:30:00+00:00,2025-02-16T08:45:00+00:00,H009,LABORATORY,Basic metabolic panel,Synthetic sodium 138 mmol/L; other values omitted.
EX0198,A0070,O0198,2025-02-16T09:00:00+00:00,2025-02-16T09:45:00+00:00,H020,RADIOLOGY,CT Abdomen and pelvis,Synthetic imaging: Inflamed colonic diverticula with surrounding inflammatory change.
EX0199,A0071,O0199,2025-04-02T08:00:00+00:00,2025-04-02T08:15:00+00:00,H019,LABORATORY,Complete blood count,Synthetic WBC 15.5 x10^9/L; review in episode context.
EX0200,A0071,O0200,2025-04-02T08:30:00+00:00,2025-04-02T08:45:00+00:00,H009,LABORATORY,Basic metabolic panel,Synthetic sodium 138 mmol/L; other values omitted.
EX0201,A0071,O0201,2025-04-02T09:00:00+00:00,2025-04-02T09:45:00+00:00,H020,RADIOLOGY,XR Chest,Synthetic imaging: Mild pulmonary vascular congestion.
EX0202,A0072,O0202,2025-02-18T08:00:00+00:00,2025-02-18T08:15:00+00:00,H009,LABORATORY,Complete blood count,Synthetic WBC 13.4 x10^9/L; review in episode context.
EX0203,A0072,O0203,2025-02-18T08:30:00+00:00,2025-02-18T08:45:00+00:00,H019,LABORATORY,Basic metabolic panel,Synthetic sodium 137 mmol/L; other values omitted.
EX0204,A0072,O0204,2025-02-18T09:00:00+00:00,2025-02-18T09:45:00+00:00,H010,RADIOLOGY,XR Chest,Synthetic imaging: Pulmonary edema and enlarged cardiac silhouette.
EX0205,A0073,O0205,2025-04-04T08:00:00+00:00,2025-04-04T08:15:00+00:00,H009,LABORATORY,Complete blood count,Synthetic WBC 15.7 x10^9/L; review in episode context.
EX0206,A0073,O0206,2025-04-04T08:30:00+00:00,2025-04-04T08:45:00+00:00,H019,LABORATORY,Basic metabolic panel,Synthetic sodium 142 mmol/L; other values omitted.
EX0207,A0073,O0207,2025-04-04T09:00:00+00:00,2025-04-04T09:45:00+00:00,H010,RADIOLOGY,CT Abdomen and pelvis,Synthetic imaging: Inflamed appendix without visible abscess.
EX0208,A0074,O0208,2025-02-20T08:00:00+00:00,2025-02-20T08:15:00+00:00,H019,LABORATORY,Complete blood count,Synthetic WBC 13.6 x10^9/L; review in episode context.
EX0209,A0074,O0209,2025-02-20T08:30:00+00:00,2025-02-20T08:45:00+00:00,H009,LABORATORY,Basic metabolic panel,Synthetic sodium 135 mmol/L; other values omitted.
EX0210,A0074,O0210,2025-02-20T09:00:00+00:00,2025-02-20T09:45:00+00:00,H020,RADIOLOGY,XR Chest,Synthetic imaging: Patchy lower-lung opacity.
EX0211,A0075,O0211,2025-04-06T08:00:00+00:00,2025-04-06T08:15:00+00:00,H019,LABORATORY,Complete blood count,Synthetic WBC 13.6 x10^9/L; review in episode context.
EX0212,A0075,O0212,2025-04-06T08:30:00+00:00,2025-04-06T08:45:00+00:00,H009,LABORATORY,Basic metabolic panel,Synthetic sodium 142 mmol/L; other values omitted.
EX0213,A0075,O0213,2025-04-06T09:00:00+00:00,2025-04-06T09:45:00+00:00,H020,RADIOLOGY,US Upper abdomen,Synthetic imaging: Gallstones with gallbladder wall thickening.
EX0214,A0076,O0214,2025-02-22T08:00:00+00:00,2025-02-22T08:15:00+00:00,H009,LABORATORY,Complete blood count,Synthetic WBC 12.1 x10^9/L; review in episode context.
EX0215,A0076,O0215,2025-02-22T08:30:00+00:00,2025-02-22T08:45:00+00:00,H019,LABORATORY,Basic metabolic panel,Synthetic sodium 135 mmol/L; other values omitted.
EX0216,A0076,O0216,2025-02-22T09:00:00+00:00,2025-02-22T09:45:00+00:00,H010,RADIOLOGY,XR Chest,Synthetic imaging: Mild pulmonary vascular congestion.
EX0217,A0077,O0217,2025-04-08T08:00:00+00:00,2025-04-08T08:15:00+00:00,H009,LABORATORY,Complete blood count,Synthetic WBC 14.1 x10^9/L; review in episode context.
EX0218,A0077,O0218,2025-04-08T08:30:00+00:00,2025-04-08T08:45:00+00:00,H019,LABORATORY,Basic metabolic panel,Synthetic sodium 136 mmol/L; other values omitted.
EX0219,A0077,O0219,2025-04-08T09:00:00+00:00,2025-04-08T09:45:00+00:00,H010,RADIOLOGY,XR Hip,Synthetic imaging: Intertrochanteric fracture.
EX0220,A0078,O0220,2025-02-24T08:00:00+00:00,2025-02-24T08:15:00+00:00,H019,LABORATORY,Complete blood count,Synthetic WBC 15.2 x10^9/L; review in episode context.
EX0221,A0078,O0221,2025-02-24T08:30:00+00:00,2025-02-24T08:45:00+00:00,H009,LABORATORY,Basic metabolic panel,Synthetic sodium 141 mmol/L; other values omitted.
EX0222,A0078,O0222,2025-02-24T09:00:00+00:00,2025-02-24T09:45:00+00:00,H020,RADIOLOGY,CT Abdomen and pelvis,Synthetic imaging: Inflamed appendix without visible abscess.
EX0223,A0079,O0223,2025-04-10T08:00:00+00:00,2025-04-10T08:15:00+00:00,H019,LABORATORY,Complete blood count,Synthetic WBC 16.1 x10^9/L; review in episode context.
EX0224,A0079,O0224,2025-04-10T08:30:00+00:00,2025-04-10T08:45:00+00:00,H009,LABORATORY,Basic metabolic panel,Synthetic sodium 140 mmol/L; other values omitted.
EX0225,A0079,O0225,2025-04-10T09:00:00+00:00,2025-04-10T09:45:00+00:00,H020,RADIOLOGY,XR Chest,Synthetic imaging: Bilateral patchy pulmonary opacities.
EX0226,A0080,O0226,2025-02-26T08:00:00+00:00,2025-02-26T08:15:00+00:00,H009,LABORATORY,Complete blood count,Synthetic WBC 11.0 x10^9/L; review in episode context.
EX0227,A0080,O0227,2025-02-26T08:30:00+00:00,2025-02-26T08:45:00+00:00,H019,LABORATORY,Basic metabolic panel,Synthetic sodium 142 mmol/L; other values omitted.
EX0228,A0080,O0228,2025-02-26T09:00:00+00:00,2025-02-26T09:45:00+00:00,H010,RADIOLOGY,US Upper abdomen,Synthetic imaging: Gallstones with gallbladder wall thickening.
EX0229,A0081,O0229,2025-04-12T08:00:00+00:00,2025-04-12T08:15:00+00:00,H009,LABORATORY,Complete blood count,Synthetic WBC 16.0 x10^9/L; review in episode context.
EX0230,A0081,O0230,2025-04-12T08:30:00+00:00,2025-04-12T08:45:00+00:00,H019,LABORATORY,Basic metabolic panel,Synthetic sodium 138 mmol/L; other values omitted.
EX0231,A0081,O0231,2025-04-12T09:00:00+00:00,2025-04-12T09:45:00+00:00,H010,RADIOLOGY,XR Chest,Synthetic imaging: Diffuse bilateral airspace opacities.
EX0232,A0082,O0232,2025-02-28T08:00:00+00:00,2025-02-28T08:15:00+00:00,H019,LABORATORY,Complete blood count,Synthetic WBC 13.6 x10^9/L; review in episode context.
EX0233,A0082,O0233,2025-02-28T08:30:00+00:00,2025-02-28T08:45:00+00:00,H009,LABORATORY,Basic metabolic panel,Synthetic sodium 142 mmol/L; other values omitted.
EX0234,A0082,O0234,2025-02-28T09:00:00+00:00,2025-02-28T09:45:00+00:00,H020,RADIOLOGY,XR Hip,Synthetic imaging: Intertrochanteric fracture.
EX0235,A0083,O0235,2025-04-14T08:00:00+00:00,2025-04-14T08:15:00+00:00,H019,LABORATORY,Complete blood count,Synthetic WBC 10.8 x10^9/L; review in episode context.
EX0236,A0083,O0236,2025-04-14T08:30:00+00:00,2025-04-14T08:45:00+00:00,H009,LABORATORY,Basic metabolic panel,Synthetic sodium 138 mmol/L; other values omitted.
EX0237,A0084,O0237,2025-03-02T08:00:00+00:00,2025-03-02T08:15:00+00:00,H009,LABORATORY,Complete blood count,Synthetic WBC 11.5 x10^9/L; review in episode context.
EX0238,A0084,O0238,2025-03-02T08:30:00+00:00,2025-03-02T08:45:00+00:00,H019,LABORATORY,Basic metabolic panel,Synthetic sodium 139 mmol/L; other values omitted.
EX0239,A0084,O0239,2025-03-02T09:00:00+00:00,2025-03-02T09:45:00+00:00,H010,RADIOLOGY,XR Chest,Synthetic imaging: Bilateral patchy pulmonary opacities.
EX0240,A0085,O0240,2025-04-16T08:00:00+00:00,2025-04-16T08:15:00+00:00,H009,LABORATORY,Complete blood count,Synthetic WBC 12.4 x10^9/L; review in episode context.
EX0241,A0085,O0241,2025-04-16T08:30:00+00:00,2025-04-16T08:45:00+00:00,H019,LABORATORY,Basic metabolic panel,Synthetic sodium 140 mmol/L; other values omitted.
EX0242,A0085,O0242,2025-04-16T09:00:00+00:00,2025-04-16T09:45:00+00:00,H010,RADIOLOGY,CT Head,Synthetic imaging: Focal ischemic change without visible hemorrhage.
EX0243,A0086,O0243,2025-03-04T08:00:00+00:00,2025-03-04T08:15:00+00:00,H019,LABORATORY,Complete blood count,Synthetic WBC 12.9 x10^9/L; review in episode context.
EX0244,A0086,O0244,2025-03-04T08:30:00+00:00,2025-03-04T08:45:00+00:00,H009,LABORATORY,Basic metabolic panel,Synthetic sodium 141 mmol/L; other values omitted.
EX0245,A0086,O0245,2025-03-04T09:00:00+00:00,2025-03-04T09:45:00+00:00,H020,RADIOLOGY,XR Chest,Synthetic imaging: Diffuse bilateral airspace opacities.
EX0246,A0087,O0246,2025-04-18T08:00:00+00:00,2025-04-18T08:15:00+00:00,H019,LABORATORY,Complete blood count,Synthetic WBC 12.4 x10^9/L; review in episode context.
EX0247,A0087,O0247,2025-04-18T08:30:00+00:00,2025-04-18T08:45:00+00:00,H009,LABORATORY,Basic metabolic panel,Synthetic sodium 140 mmol/L; other values omitted.
EX0248,A0088,O0248,2025-03-06T08:00:00+00:00,2025-03-06T08:15:00+00:00,H009,LABORATORY,Complete blood count,Synthetic WBC 16.6 x10^9/L; review in episode context.
EX0249,A0088,O0249,2025-03-06T08:30:00+00:00,2025-03-06T08:45:00+00:00,H019,LABORATORY,Basic metabolic panel,Synthetic sodium 140 mmol/L; other values omitted.
EX0250,A0089,O0250,2025-04-20T08:00:00+00:00,2025-04-20T08:15:00+00:00,H009,LABORATORY,Complete blood count,Synthetic WBC 15.1 x10^9/L; review in episode context.
EX0251,A0089,O0251,2025-04-20T08:30:00+00:00,2025-04-20T08:45:00+00:00,H019,LABORATORY,Basic metabolic panel,Synthetic sodium 140 mmol/L; other values omitted.
EX0252,A0089,O0252,2025-04-20T09:00:00+00:00,2025-04-20T09:45:00+00:00,H010,RADIOLOGY,CT Abdomen and pelvis,Synthetic imaging: Inflamed colonic diverticula with surrounding inflammatory change.
EX0253,A0090,O0253,2025-03-08T08:00:00+00:00,2025-03-08T08:15:00+00:00,H019,LABORATORY,Complete blood count,Synthetic WBC 10.6 x10^9/L; review in episode context.
EX0254,A0090,O0254,2025-03-08T08:30:00+00:00,2025-03-08T08:45:00+00:00,H009,LABORATORY,Basic metabolic panel,Synthetic sodium 135 mmol/L; other values omitted.
EX0255,A0090,O0255,2025-03-08T09:00:00+00:00,2025-03-08T09:45:00+00:00,H020,RADIOLOGY,CT Head,Synthetic imaging: Focal ischemic change without visible hemorrhage.
EX0256,A0091,O0256,2025-04-22T08:00:00+00:00,2025-04-22T08:15:00+00:00,H019,LABORATORY,Complete blood count,Synthetic WBC 13.1 x10^9/L; review in episode context.
EX0257,A0091,O0257,2025-04-22T08:30:00+00:00,2025-04-22T08:45:00+00:00,H009,LABORATORY,Basic metabolic panel,Synthetic sodium 138 mmol/L; other values omitted.
EX0258,A0091,O0258,2025-04-22T09:00:00+00:00,2025-04-22T09:45:00+00:00,H020,RADIOLOGY,XR Chest,Synthetic imaging: Diffuse bilateral airspace opacities.
EX0259,A0092,O0259,2025-03-10T08:00:00+00:00,2025-03-10T08:15:00+00:00,H009,LABORATORY,Complete blood count,Synthetic WBC 14.2 x10^9/L; review in episode context.
EX0260,A0092,O0260,2025-03-10T08:30:00+00:00,2025-03-10T08:45:00+00:00,H019,LABORATORY,Basic metabolic panel,Synthetic sodium 142 mmol/L; other values omitted.
EX0261,A0093,O0261,2025-04-24T08:00:00+00:00,2025-04-24T08:15:00+00:00,H009,LABORATORY,Complete blood count,Synthetic WBC 17.0 x10^9/L; review in episode context.
EX0262,A0093,O0262,2025-04-24T08:30:00+00:00,2025-04-24T08:45:00+00:00,H019,LABORATORY,Basic metabolic panel,Synthetic sodium 139 mmol/L; other values omitted.
EX0263,A0093,O0263,2025-04-24T09:00:00+00:00,2025-04-24T09:45:00+00:00,H010,RADIOLOGY,XR Chest,Synthetic imaging: Patchy lower-lung opacity.
EX0264,A0094,O0264,2025-03-12T08:00:00+00:00,2025-03-12T08:15:00+00:00,H019,LABORATORY,Complete blood count,Synthetic WBC 16.2 x10^9/L; review in episode context.
EX0265,A0094,O0265,2025-03-12T08:30:00+00:00,2025-03-12T08:45:00+00:00,H009,LABORATORY,Basic metabolic panel,Synthetic sodium 135 mmol/L; other values omitted.
EX0266,A0094,O0266,2025-03-12T09:00:00+00:00,2025-03-12T09:45:00+00:00,H020,RADIOLOGY,CT Abdomen and pelvis,Synthetic imaging: Inflamed colonic diverticula with surrounding inflammatory change.
EX0267,A0095,O0267,2025-04-26T08:00:00+00:00,2025-04-26T08:15:00+00:00,H019,LABORATORY,Complete blood count,Synthetic WBC 16.0 x10^9/L; review in episode context.
EX0268,A0095,O0268,2025-04-26T08:30:00+00:00,2025-04-26T08:45:00+00:00,H009,LABORATORY,Basic metabolic panel,Synthetic sodium 137 mmol/L; other values omitted.
EX0269,A0095,O0269,2025-04-26T09:00:00+00:00,2025-04-26T09:45:00+00:00,H020,RADIOLOGY,XR Chest,Synthetic imaging: Mild pulmonary vascular congestion.
EX0270,A0096,O0270,2025-03-14T08:00:00+00:00,2025-03-14T08:15:00+00:00,H009,LABORATORY,Complete blood count,Synthetic WBC 11.4 x10^9/L; review in episode context.
EX0271,A0096,O0271,2025-03-14T08:30:00+00:00,2025-03-14T08:45:00+00:00,H019,LABORATORY,Basic metabolic panel,Synthetic sodium 141 mmol/L; other values omitted.
EX0272,A0096,O0272,2025-03-14T09:00:00+00:00,2025-03-14T09:45:00+00:00,H010,RADIOLOGY,XR Chest,Synthetic imaging: Pulmonary edema and enlarged cardiac silhouette.
EX0273,A0097,O0273,2025-04-28T08:00:00+00:00,2025-04-28T08:15:00+00:00,H009,LABORATORY,Complete blood count,Synthetic WBC 12.1 x10^9/L; review in episode context.
EX0274,A0097,O0274,2025-04-28T08:30:00+00:00,2025-04-28T08:45:00+00:00,H019,LABORATORY,Basic metabolic panel,Synthetic sodium 139 mmol/L; other values omitted.
EX0275,A0097,O0275,2025-04-28T09:00:00+00:00,2025-04-28T09:45:00+00:00,H010,RADIOLOGY,CT Abdomen and pelvis,Synthetic imaging: Inflamed appendix without visible abscess.
EX0276,A0098,O0276,2025-03-16T08:00:00+00:00,2025-03-16T08:15:00+00:00,H019,LABORATORY,Complete blood count,Synthetic WBC 15.8 x10^9/L; review in episode context.
EX0277,A0098,O0277,2025-03-16T08:30:00+00:00,2025-03-16T08:45:00+00:00,H009,LABORATORY,Basic metabolic panel,Synthetic sodium 139 mmol/L; other values omitted.
EX0278,A0098,O0278,2025-03-16T09:00:00+00:00,2025-03-16T09:45:00+00:00,H020,RADIOLOGY,XR Chest,Synthetic imaging: Patchy lower-lung opacity.
EX0279,A0099,O0279,2025-04-30T08:00:00+00:00,2025-04-30T08:15:00+00:00,H019,LABORATORY,Complete blood count,Synthetic WBC 12.2 x10^9/L; review in episode context.
EX0280,A0099,O0280,2025-04-30T08:30:00+00:00,2025-04-30T08:45:00+00:00,H009,LABORATORY,Basic metabolic panel,Synthetic sodium 143 mmol/L; other values omitted.
EX0281,A0099,O0281,2025-04-30T09:00:00+00:00,2025-04-30T09:45:00+00:00,H020,RADIOLOGY,US Upper abdomen,Synthetic imaging: Gallstones with gallbladder wall thickening.
EX0282,A0100,O0282,2025-03-18T08:00:00+00:00,2025-03-18T08:15:00+00:00,H009,LABORATORY,Complete blood count,Synthetic WBC 11.9 x10^9/L; review in episode context.
EX0283,A0100,O0283,2025-03-18T08:30:00+00:00,2025-03-18T08:45:00+00:00,H019,LABORATORY,Basic metabolic panel,Synthetic sodium 143 mmol/L; other values omitted.
EX0284,A0100,O0284,2025-03-18T09:00:00+00:00,2025-03-18T09:45:00+00:00,H010,RADIOLOGY,XR Chest,Synthetic imaging: Mild pulmonary vascular congestion.
EX0285,A0101,O0285,2025-05-02T08:00:00+00:00,2025-05-02T08:15:00+00:00,H009,LABORATORY,Complete blood count,Synthetic WBC 16.3 x10^9/L; review in episode context.
EX0286,A0101,O0286,2025-05-02T08:30:00+00:00,2025-05-02T08:45:00+00:00,H019,LABORATORY,Basic metabolic panel,Synthetic sodium 137 mmol/L; other values omitted.
EX0287,A0101,O0287,2025-05-02T09:00:00+00:00,2025-05-02T09:45:00+00:00,H010,RADIOLOGY,XR Hip,Synthetic imaging: Intertrochanteric fracture.
EX0288,A0102,O0288,2025-03-20T08:00:00+00:00,2025-03-20T08:15:00+00:00,H019,LABORATORY,Complete blood count,Synthetic WBC 11.1 x10^9/L; review in episode context.
EX0289,A0102,O0289,2025-03-20T08:30:00+00:00,2025-03-20T08:45:00+00:00,H009,LABORATORY,Basic metabolic panel,Synthetic sodium 138 mmol/L; other values omitted.
EX0290,A0102,O0290,2025-03-20T09:00:00+00:00,2025-03-20T09:45:00+00:00,H020,RADIOLOGY,CT Abdomen and pelvis,Synthetic imaging: Inflamed appendix without visible abscess.
EX0291,A0103,O0291,2025-05-04T08:00:00+00:00,2025-05-04T08:15:00+00:00,H019,LABORATORY,Complete blood count,Synthetic WBC 14.2 x10^9/L; review in episode context.
EX0292,A0103,O0292,2025-05-04T08:30:00+00:00,2025-05-04T08:45:00+00:00,H009,LABORATORY,Basic metabolic panel,Synthetic sodium 140 mmol/L; other values omitted.
EX0293,A0103,O0293,2025-05-04T09:00:00+00:00,2025-05-04T09:45:00+00:00,H020,RADIOLOGY,XR Chest,Synthetic imaging: Bilateral patchy pulmonary opacities.
EX0294,A0104,O0294,2025-03-22T08:00:00+00:00,2025-03-22T08:15:00+00:00,H009,LABORATORY,Complete blood count,Synthetic WBC 11.7 x10^9/L; review in episode context.
EX0295,A0104,O0295,2025-03-22T08:30:00+00:00,2025-03-22T08:45:00+00:00,H019,LABORATORY,Basic metabolic panel,Synthetic sodium 141 mmol/L; other values omitted.
EX0296,A0104,O0296,2025-03-22T09:00:00+00:00,2025-03-22T09:45:00+00:00,H010,RADIOLOGY,US Upper abdomen,Synthetic imaging: Gallstones with gallbladder wall thickening.
EX0297,A0105,O0297,2025-05-06T08:00:00+00:00,2025-05-06T08:15:00+00:00,H009,LABORATORY,Complete blood count,Synthetic WBC 10.6 x10^9/L; review in episode context.
EX0298,A0105,O0298,2025-05-06T08:30:00+00:00,2025-05-06T08:45:00+00:00,H019,LABORATORY,Basic metabolic panel,Synthetic sodium 142 mmol/L; other values omitted.
EX0299,A0105,O0299,2025-05-06T09:00:00+00:00,2025-05-06T09:45:00+00:00,H010,RADIOLOGY,XR Chest,Synthetic imaging: Diffuse bilateral airspace opacities.
EX0300,A0106,O0300,2025-03-24T08:00:00+00:00,2025-03-24T08:15:00+00:00,H019,LABORATORY,Complete blood count,Synthetic WBC 14.2 x10^9/L; review in episode context.
EX0301,A0106,O0301,2025-03-24T08:30:00+00:00,2025-03-24T08:45:00+00:00,H009,LABORATORY,Basic metabolic panel,Synthetic sodium 143 mmol/L; other values omitted.
EX0302,A0106,O0302,2025-03-24T09:00:00+00:00,2025-03-24T09:45:00+00:00,H020,RADIOLOGY,XR Hip,Synthetic imaging: Intertrochanteric fracture.
EX0303,A0107,O0303,2025-03-26T08:00:00+00:00,2025-03-26T08:15:00+00:00,H009,LABORATORY,Complete blood count,Synthetic WBC 12.4 x10^9/L; review in episode context.
EX0304,A0107,O0304,2025-03-26T08:30:00+00:00,2025-03-26T08:45:00+00:00,H019,LABORATORY,Basic metabolic panel,Synthetic sodium 138 mmol/L; other values omitted.
EX0305,A0107,O0305,2025-03-26T09:00:00+00:00,2025-03-26T09:45:00+00:00,H010,RADIOLOGY,XR Chest,Synthetic imaging: Bilateral patchy pulmonary opacities.
EX0306,A0108,O0306,2025-03-28T08:00:00+00:00,2025-03-28T08:15:00+00:00,H019,LABORATORY,Complete blood count,Synthetic WBC 16.6 x10^9/L; review in episode context.
EX0307,A0108,O0307,2025-03-28T08:30:00+00:00,2025-03-28T08:45:00+00:00,H009,LABORATORY,Basic metabolic panel,Synthetic sodium 141 mmol/L; other values omitted.
EX0308,A0108,O0308,2025-03-28T09:00:00+00:00,2025-03-28T09:45:00+00:00,H020,RADIOLOGY,XR Chest,Synthetic imaging: Diffuse bilateral airspace opacities.
EX0309,A0109,O0309,2025-03-30T08:00:00+00:00,2025-03-30T08:15:00+00:00,H009,LABORATORY,Complete blood count,Synthetic WBC 14.0 x10^9/L; review in episode context.
EX0310,A0109,O0310,2025-03-30T08:30:00+00:00,2025-03-30T08:45:00+00:00,H019,LABORATORY,Basic metabolic panel,Synthetic sodium 138 mmol/L; other values omitted.
EX0311,A0110,O0311,2025-04-01T08:00:00+00:00,2025-04-01T08:15:00+00:00,H019,LABORATORY,Complete blood count,Synthetic WBC 10.1 x10^9/L; review in episode context.
EX0312,A0110,O0312,2025-04-01T08:30:00+00:00,2025-04-01T08:45:00+00:00,H009,LABORATORY,Basic metabolic panel,Synthetic sodium 135 mmol/L; other values omitted.
EX0313,A0110,O0313,2025-04-01T09:00:00+00:00,2025-04-01T09:45:00+00:00,H020,RADIOLOGY,CT Head,Synthetic imaging: Focal ischemic change without visible hemorrhage.
EX0314,A0111,O0314,2025-04-03T08:00:00+00:00,2025-04-03T08:15:00+00:00,H009,LABORATORY,Complete blood count,Synthetic WBC 10.1 x10^9/L; review in episode context.
EX0315,A0111,O0315,2025-04-03T08:30:00+00:00,2025-04-03T08:45:00+00:00,H019,LABORATORY,Basic metabolic panel,Synthetic sodium 137 mmol/L; other values omitted.
EX0316,A0112,O0316,2025-04-05T08:00:00+00:00,2025-04-05T08:15:00+00:00,H019,LABORATORY,Complete blood count,Synthetic WBC 14.8 x10^9/L; review in episode context.
EX0317,A0112,O0317,2025-04-05T08:30:00+00:00,2025-04-05T08:45:00+00:00,H009,LABORATORY,Basic metabolic panel,Synthetic sodium 136 mmol/L; other values omitted.
EX0318,A0112,O0318,2025-04-05T09:00:00+00:00,2025-04-05T09:45:00+00:00,H020,RADIOLOGY,CT Abdomen and pelvis,Synthetic imaging: Inflamed colonic diverticula with surrounding inflammatory change.
EX0319,A0113,O0319,2025-04-07T08:00:00+00:00,2025-04-07T08:15:00+00:00,H009,LABORATORY,Complete blood count,Synthetic WBC 12.1 x10^9/L; review in episode context.
EX0320,A0113,O0320,2025-04-07T08:30:00+00:00,2025-04-07T08:45:00+00:00,H019,LABORATORY,Basic metabolic panel,Synthetic sodium 141 mmol/L; other values omitted.
EX0321,A0113,O0321,2025-04-07T09:00:00+00:00,2025-04-07T09:45:00+00:00,H010,RADIOLOGY,XR Chest,Synthetic imaging: Pulmonary edema and enlarged cardiac silhouette.
EX0322,A0114,O0322,2025-04-09T08:00:00+00:00,2025-04-09T08:15:00+00:00,H019,LABORATORY,Complete blood count,Synthetic WBC 12.0 x10^9/L; review in episode context.
EX0323,A0114,O0323,2025-04-09T08:30:00+00:00,2025-04-09T08:45:00+00:00,H009,LABORATORY,Basic metabolic panel,Synthetic sodium 141 mmol/L; other values omitted.
EX0324,A0114,O0324,2025-04-09T09:00:00+00:00,2025-04-09T09:45:00+00:00,H020,RADIOLOGY,XR Chest,Synthetic imaging: Bilateral patchy pulmonary opacities.
EX0325,A0115,O0325,2025-04-11T08:00:00+00:00,2025-04-11T08:15:00+00:00,H009,LABORATORY,Complete blood count,Synthetic WBC 15.9 x10^9/L; review in episode context.
EX0326,A0115,O0326,2025-04-11T08:30:00+00:00,2025-04-11T08:45:00+00:00,H019,LABORATORY,Basic metabolic panel,Synthetic sodium 137 mmol/L; other values omitted.
EX0327,A0115,O0327,2025-04-11T09:00:00+00:00,2025-04-11T09:45:00+00:00,H010,RADIOLOGY,XR Chest,Synthetic imaging: Mild pulmonary vascular congestion.
EX0328,A0116,O0328,2025-04-13T08:00:00+00:00,2025-04-13T08:15:00+00:00,H019,LABORATORY,Complete blood count,Synthetic WBC 15.2 x10^9/L; review in episode context.
EX0329,A0116,O0329,2025-04-13T08:30:00+00:00,2025-04-13T08:45:00+00:00,H009,LABORATORY,Basic metabolic panel,Synthetic sodium 136 mmol/L; other values omitted.
EX0330,A0116,O0330,2025-04-13T09:00:00+00:00,2025-04-13T09:45:00+00:00,H020,RADIOLOGY,CT Abdomen and pelvis,Synthetic imaging: Inflamed appendix without visible abscess.
EX0331,A0117,O0331,2025-04-15T08:00:00+00:00,2025-04-15T08:15:00+00:00,H009,LABORATORY,Complete blood count,Synthetic WBC 11.7 x10^9/L; review in episode context.
EX0332,A0117,O0332,2025-04-15T08:30:00+00:00,2025-04-15T08:45:00+00:00,H019,LABORATORY,Basic metabolic panel,Synthetic sodium 143 mmol/L; other values omitted.
EX0333,A0117,O0333,2025-04-15T09:00:00+00:00,2025-04-15T09:45:00+00:00,H010,RADIOLOGY,US Upper abdomen,Synthetic imaging: Gallstones with gallbladder wall thickening.
EX0334,A0118,O0334,2025-04-17T08:00:00+00:00,2025-04-17T08:15:00+00:00,H019,LABORATORY,Complete blood count,Synthetic WBC 12.6 x10^9/L; review in episode context.
EX0335,A0118,O0335,2025-04-17T08:30:00+00:00,2025-04-17T08:45:00+00:00,H009,LABORATORY,Basic metabolic panel,Synthetic sodium 135 mmol/L; other values omitted.
EX0336,A0118,O0336,2025-04-17T09:00:00+00:00,2025-04-17T09:45:00+00:00,H020,RADIOLOGY,XR Hip,Synthetic imaging: Intertrochanteric fracture.
EX0337,A0119,O0337,2025-04-19T08:00:00+00:00,2025-04-19T08:15:00+00:00,H009,LABORATORY,Complete blood count,Synthetic WBC 15.3 x10^9/L; review in episode context.
EX0338,A0119,O0338,2025-04-19T08:30:00+00:00,2025-04-19T08:45:00+00:00,H019,LABORATORY,Basic metabolic panel,Synthetic sodium 136 mmol/L; other values omitted.
EX0339,A0120,O0339,2025-04-21T08:00:00+00:00,2025-04-21T08:15:00+00:00,H019,LABORATORY,Complete blood count,Synthetic WBC 16.6 x10^9/L; review in episode context.
EX0340,A0120,O0340,2025-04-21T08:30:00+00:00,2025-04-21T08:45:00+00:00,H009,LABORATORY,Basic metabolic panel,Synthetic sodium 135 mmol/L; other values omitted.
