order_id,admission_id,ordered_at,ordering_professional_id,order_type,requested_test,status
O0001,A0001,2025-01-03T07:30:00+00:00,H011,LABORATORY,Complete blood count,COMPLETED
O0002,A0001,2025-01-03T07:45:00+00:00,H011,LABORATORY,Basic metabolic panel,COMPLETED
O0003,A0001,2025-01-03T07:36:00+00:00,H011,RADIOLOGY,XR Chest,COMPLETED
O0004,A0002,2025-02-17T07:30:00+00:00,H011,LABORATORY,Complete blood count,COMPLETED
O0005,A0002,2025-02-17T07:45:00+00:00,H011,LABORATORY,Basic metabolic panel,COMPLETED
O0006,A0002,2025-02-17T07:36:00+00:00,H011,RADIOLOGY,US Upper abdomen,COMPLETED
O0007,A0003,2025-04-03T07:30:00+00:00,H011,LABORATORY,Complete blood count,COMPLETED
O0008,A0003,2025-04-03T07:45:00+00:00,H011,LABORATORY,Basic metabolic panel,COMPLETED
O0009,A0003,2025-04-03T07:36:00+00:00,H011,RADIOLOGY,XR Chest,COMPLETED
O0010,A0004,2025-05-18T07:30:00+00:00,H011,LABORATORY,Complete blood count,COMPLETED
O0011,A0004,2025-05-18T07:45:00+00:00,H011,LABORATORY,Basic metabolic panel,COMPLETED
O0012,A0005,2025-07-02T07:30:00+00:00,H011,LABORATORY,Complete blood count,COMPLETED
O0013,A0005,2025-07-02T07:45:00+00:00,H011,LABORATORY,Basic metabolic panel,COMPLETED
O0014,A0005,2025-07-02T07:36:00+00:00,H011,RADIOLOGY,XR Chest,COMPLETED
O0015,A0006,2025-01-05T07:30:00+00:00,H021,LABORATORY,Complete blood count,COMPLETED
O0016,A0006,2025-01-05T07:45:00+00:00,H021,LABORATORY,Basic metabolic panel,COMPLETED
O0017,A0006,2025-01-05T07:36:00+00:00,H021,RADIOLOGY,XR Chest,COMPLETED
O0018,A0007,2025-02-19T07:30:00+00:00,H021,LABORATORY,Complete blood count,COMPLETED
O0019,A0007,2025-02-19T07:45:00+00:00,H021,LABORATORY,Basic metabolic panel,COMPLETED
O0020,A0007,2025-02-19T07:36:00+00:00,H021,RADIOLOGY,XR Hip,COMPLETED
O0021,A0008,2025-04-05T07:30:00+00:00,H021,LABORATORY,Complete blood count,COMPLETED
O0022,A0008,2025-04-05T07:45:00+00:00,H021,LABORATORY,Basic metabolic panel,COMPLETED
O0023,A0009,2025-05-20T07:30:00+00:00,H021,LABORATORY,Complete blood count,COMPLETED
O0024,A0009,2025-05-20T07:45:00+00:00,H021,LABORATORY,Basic metabolic panel,COMPLETED
O0025,A0009,2025-05-20T07:36:00+00:00,H021,RADIOLOGY,CT Abdomen and pelvis,COMPLETED
O0026,A0010,2025-07-04T07:30:00+00:00,H021,LABORATORY,Complete blood count,COMPLETED
O0027,A0010,2025-07-04T07:45:00+00:00,H021,LABORATORY,Basic metabolic panel,COMPLETED
O0028,A0010,2025-07-04T07:36:00+00:00,H021,RADIOLOGY,XR Chest,COMPLETED
O0029,A0011,2025-01-07T07:30:00+00:00,H001,LABORATORY,Complete blood count,COMPLETED
O0030,A0011,2025-01-07T07:45:00+00:00,H001,LABORATORY,Basic metabolic panel,COMPLETED
O0031,A0011,2025-01-07T07:36:00+00:00,H001,RADIOLOGY,CT Abdomen and pelvis,COMPLETED
O0032,A0012,2025-02-21T07:30:00+00:00,H001,LABORATORY,Complete blood count,COMPLETED
O0033,A0012,2025-02-21T07:45:00+00:00,H001,LABORATORY,Basic metabolic panel,COMPLETED
O0034,A0012,2025-02-21T07:36:00+00:00,H001,RADIOLOGY,XR Chest,COMPLETED
O0035,A0013,2025-04-07T07:30:00+00:00,H001,LABORATORY,Complete blood count,COMPLETED
O0036,A0013,2025-04-07T07:45:00+00:00,H001,LABORATORY,Basic metabolic panel,COMPLETED
O0037,A0013,2025-04-07T07:36:00+00:00,H001,RADIOLOGY,CT Head,COMPLETED
O0038,A0014,2025-05-22T07:30:00+00:00,H001,LABORATORY,Complete blood count,COMPLETED
O0039,A0014,2025-05-22T07:45:00+00:00,H001,LABORATORY,Basic metabolic panel,COMPLETED
O0040,A0014,2025-05-22T07:36:00+00:00,H001,RADIOLOGY,XR Chest,COMPLETED
O0041,A0015,2025-07-06T07:30:00+00:00,H001,LABORATORY,Complete blood count,COMPLETED
O0042,A0015,2025-07-06T07:45:00+00:00,H001,LABORATORY,Basic metabolic panel,COMPLETED
O0043,A0015,2025-07-06T07:36:00+00:00,H001,RADIOLOGY,CT Abdomen and pelvis,COMPLETED
O0044,A0016,2025-01-09T07:30:00+00:00,H011,LABORATORY,Complete blood count,COMPLETED
O0045,A0016,2025-01-09T07:45:00+00:00,H011,LABORATORY,Basic metabolic panel,COMPLETED
O0046,A0016,2025-01-09T07:36:00+00:00,H011,RADIOLOGY,US Upper abdomen,COMPLETED
O0047,A0017,2025-02-23T07:30:00+00:00,H011,LABORATORY,Complete blood count,COMPLETED
O0048,A0017,2025-02-23T07:45:00+00:00,H011,LABORATORY,Basic metabolic panel,COMPLETED
O0049,A0017,2025-02-23T07:36:00+00:00,H011,RADIOLOGY,XR Chest,COMPLETED
O0050,A0018,2025-04-09T07:30:00+00:00,H011,LABORATORY,Complete blood count,COMPLETED
O0051,A0018,2025-04-09T07:45:00+00:00,H011,LABORATORY,Basic metabolic panel,COMPLETED
O0052,A0019,2025-05-24T07:30:00+00:00,H011,LABORATORY,Complete blood count,COMPLETED
O0053,A0019,2025-05-24T07:45:00+00:00,H011,LABORATORY,Basic metabolic panel,COMPLETED
O0054,A0019,2025-05-24T07:36:00+00:00,H011,RADIOLOGY,XR Chest,COMPLETED
O0055,A0020,2025-07-08T07:30:00+00:00,H011,LABORATORY,Complete blood count,COMPLETED
O0056,A0020,2025-07-08T07:45:00+00:00,H011,LABORATORY,Basic metabolic panel,COMPLETED
O0057,A0020,2025-07-08T07:36:00+00:00,H011,RADIOLOGY,US Upper abdomen,COMPLETED
O0058,A0021,2025-01-11T07:30:00+00:00,H021,LABORATORY,Complete blood count,COMPLETED
O0059,A0021,2025-01-11T07:45:00+00:00,H021,LABORATORY,Basic metabolic panel,COMPLETED
O0060,A0021,2025-01-11T07:36:00+00:00,H021,RADIOLOGY,XR Hip,COMPLETED
O0061,A0022,2025-02-25T07:30:00+00:00,H021,LABORATORY,Complete blood count,COMPLETED
O0062,A0022,2025-02-25T07:45:00+00:00,H021,LABORATORY,Basic metabolic panel,COMPLETED
O0063,A0023,2025-04-11T07:30:00+00:00,H021,LABORATORY,Complete blood count,COMPLETED
O0064,A0023,2025-04-11T07:45:00+00:00,H021,LABORATORY,Basic metabolic panel,COMPLETED
O0065,A0023,2025-04-11T07:36:00+00:00,H021,RADIOLOGY,CT Abdomen and pelvis,COMPLETED
O0066,A0024,2025-05-26T07:30:00+00:00,H021,LABORATORY,Complete blood count,COMPLETED
O0067,A0024,2025-05-26T07:45:00+00:00,H021,LABORATORY,Basic metabolic panel,COMPLETED
O0068,A0024,2025-05-26T07:36:00+00:00,H021,RADIOLOGY,XR Chest,COMPLETED
O0069,A0025,2025-07-10T07:30:00+00:00,H021,LABORATORY,Complete blood count,COMPLETED
O0070,A0025,2025-07-10T07:45:00+00:00,H021,LABORATORY,Basic metabolic panel,COMPLETED
O0071,A0025,2025-07-10T07:36:00+00:00,H021,RADIOLOGY,XR Hip,COMPLETED
O0072,A0026,2025-01-13T07:30:00+00:00,H001,LABORATORY,Complete blood count,COMPLETED
O0073,A0026,2025-01-13T07:45:00+00:00,H001,LABORATORY,Basic metabolic panel,COMPLETED
O0074,A0026,2025-01-13T07:36:00+00:00,H001,RADIOLOGY,XR Chest,COMPLETED
O0075,A0027,2025-02-27T07:30:00+00:00,H001,LABORATORY,Complete blood count,COMPLETED
O0076,A0027,2025-02-27T07:45:00+00:00,H001,LABORATORY,Basic metabolic panel,COMPLETED
O0077,A0027,2025-02-27T07:36:00+00:00,H001,RADIOLOGY,CT Head,COMPLETED
O0078,A0028,2025-04-13T07:30:00+00:00,H001,LABORATORY,Complete blood count,COMPLETED
O0079,A0028,2025-04-13T07:45:00+00:00,H001,LABORATORY,Basic metabolic panel,COMPLETED
O0080,A0028,2025-04-13T07:36:00+00:00,H001,RADIOLOGY,XR Chest,COMPLETED
O0081,A0029,2025-01-15T07:30:00+00:00,H011,LABORATORY,Complete blood count,COMPLETED
O0082,A0029,2025-01-15T07:45:00+00:00,H011,LABORATORY,Basic metabolic panel,COMPLETED
O0083,A0029,2025-01-15T07:36:00+00:00,H011,RADIOLOGY,XR Chest,COMPLETED
O0084,A0030,2025-03-01T07:30:00+00:00,H011,LABORATORY,Complete blood count,COMPLETED
O0085,A0030,2025-03-01T07:45:00+00:00,H011,LABORATORY,Basic metabolic panel,COMPLETED
O0086,A0031,2025-04-15T07:30:00+00:00,H011,LABORATORY,Complete blood count,COMPLETED
O0087,A0031,2025-04-15T07:45:00+00:00,H011,LABORATORY,Basic metabolic panel,COMPLETED
O0088,A0031,2025-04-15T07:36:00+00:00,H011,RADIOLOGY,XR Chest,COMPLETED
O0089,A0032,2025-01-17T07:30:00+00:00,H021,LABORATORY,Complete blood count,COMPLETED
O0090,A0032,2025-01-17T07:45:00+00:00,H021,LABORATORY,Basic metabolic panel,COMPLETED
O0091,A0033,2025-03-03T07:30:00+00:00,H021,LABORATORY,Complete blood count,COMPLETED
O0092,A0033,2025-03-03T07:45:00+00:00,H021,LABORATORY,Basic metabolic panel,COMPLETED
O0093,A0033,2025-03-03T07:36:00+00:00,H021,RADIOLOGY,CT Abdomen and pelvis,COMPLETED
O0094,A0034,2025-04-17T07:30:00+00:00,H021,LABORATORY,Complete blood count,COMPLETED
O0095,A0034,2025-04-17T07:45:00+00:00,H021,LABORATORY,Basic metabolic panel,COMPLETED
O0096,A0034,2025-04-17T07:36:00+00:00,H021,RADIOLOGY,XR Chest,COMPLETED
O0097,A0035,2025-01-19T07:30:00+00:00,H001,LABORATORY,Complete blood count,COMPLETED
O0098,A0035,2025-01-19T07:45:00+00:00,H001,LABORATORY,Basic metabolic panel,COMPLETED
O0099,A0035,2025-01-19T07:36:00+00:00,H001,RADIOLOGY,CT Head,COMPLETED
O0100,A0036,2025-03-05T07:30:00+00:00,H001,LABORATORY,Complete blood count,COMPLETED
O0101,A0036,2025-03-05T07:45:00+00:00,H001,LABORATORY,Basic metabolic panel,COMPLETED
O0102,A0036,2025-03-05T07:36:00+00:00,H001,RADIOLOGY,XR Chest,COMPLETED
O0103,A0037,2025-04-19T07:30:00+00:00,H001,LABORATORY,Complete blood count,COMPLETED
O0104,A0037,2025-04-19T07:45:00+00:00,H001,LABORATORY,Basic metabolic panel,COMPLETED
O0105,A0037,2025-04-19T07:36:00+00:00,H001,RADIOLOGY,CT Abdomen and pelvis,COMPLETED
O0106,A0038,2025-01-21T07:30:00+00:00,H011,LABORATORY,Complete blood count,COMPLETED
O0107,A0038,2025-01-21T07:45:00+00:00,H011,LABORATORY,Basic metabolic panel,COMPLETED
O0108,A0039,2025-03-07T07:30:00+00:00,H011,LABORATORY,Complete blood count,COMPLETED
O0109,A0039,2025-03-07T07:45:00+00:00,H011,LABORATORY,Basic metabolic panel,COMPLETED
O0110,A0039,2025-03-07T07:36:00+00:00,H011,RADIOLOGY,XR Chest,COMPLETED
O0111,A0040,2025-04-21T07:30:00+00:00,H011,LABORATORY,Complete blood count,COMPLETED
O0112,A0040,2025-04-21T07:45:00+00:00,H011,LABORATORY,Basic metabolic panel,COMPLETED
O0113,A0040,2025-04-21T07:36:00+00:00,H011,RADIOLOGY,US Upper abdomen,COMPLETED
O0114,A0041,2025-01-23T07:30:00+00:00,H021,LABORATORY,Complete blood count,COMPLETED
O0115,A0041,2025-01-23T07:45:00+00:00,H021,LABORATORY,Basic metabolic panel,COMPLETED
O0116,A0041,2025-01-23T07:36:00+00:00,H021,RADIOLOGY,CT Abdomen and pelvis,COMPLETED
O0117,A0042,2025-03-09T07:30:00+00:00,H021,LABORATORY,Complete blood count,COMPLETED
O0118,A0042,2025-03-09T07:45:00+00:00,H021,LABORATORY,Basic metabolic panel,COMPLETED
O0119,A0042,2025-03-09T07:36:00+00:00,H021,RADIOLOGY,XR Chest,COMPLETED
O0120,A0043,2025-04-23T07:30:00+00:00,H021,LABORATORY,Complete blood count,COMPLETED
O0121,A0043,2025-04-23T07:45:00+00:00,H021,LABORATORY,Basic metabolic panel,COMPLETED
O0122,A0043,2025-04-23T07:36:00+00:00,H021,RADIOLOGY,XR Hip,COMPLETED
O0123,A0044,2025-01-25T07:30:00+00:00,H001,LABORATORY,Complete blood count,COMPLETED
O0124,A0044,2025-01-25T07:45:00+00:00,H001,LABORATORY,Basic metabolic panel,COMPLETED
O0125,A0044,2025-01-25T07:36:00+00:00,H001,RADIOLOGY,XR Chest,COMPLETED
O0126,A0045,2025-03-11T07:30:00+00:00,H001,LABORATORY,Complete blood count,COMPLETED
O0127,A0045,2025-03-11T07:45:00+00:00,H001,LABORATORY,Basic metabolic panel,COMPLETED
O0128,A0045,2025-03-11T07:36:00+00:00,H001,RADIOLOGY,CT Abdomen and pelvis,COMPLETED
O0129,A0046,2025-04-25T07:30:00+00:00,H001,LABORATORY,Complete blood count,COMPLETED
O0130,A0046,2025-04-25T07:45:00+00:00,H001,LABORATORY,Basic metabolic panel,COMPLETED
O0131,A0046,2025-04-25T07:36:00+00:00,H001,RADIOLOGY,XR Chest,COMPLETED
O0132,A0047,2025-01-27T07:30:00+00:00,H011,LABORATORY,Complete blood count,COMPLETED
O0133,A0047,2025-01-27T07:45:00+00:00,H011,LABORATORY,Basic metabolic panel,COMPLETED
O0134,A0047,2025-01-27T07:36:00+00:00,H011,RADIOLOGY,XR Chest,COMPLETED
O0135,A0048,2025-03-13T07:30:00+00:00,H011,LABORATORY,Complete blood count,COMPLETED
O0136,A0048,2025-03-13T07:45:00+00:00,H011,LABORATORY,Basic metabolic panel,COMPLETED
O0137,A0048,2025-03-13T07:36:00+00:00,H011,RADIOLOGY,US Upper abdomen,COMPLETED
O0138,A0049,2025-04-27T07:30:00+00:00,H011,LABORATORY,Complete blood count,COMPLETED
O0139,A0049,2025-04-27T07:45:00+00:00,H011,LABORATORY,Basic metabolic panel,COMPLETED
O0140,A0049,2025-04-27T07:36:00+00:00,H011,RADIOLOGY,XR Chest,COMPLETED
O0141,A0050,2025-01-29T07:30:00+00:00,H021,LABORATORY,Complete blood count,COMPLETED
O0142,A0050,2025-01-29T07:45:00+00:00,H021,LABORATORY,Basic metabolic panel,COMPLETED
O0143,A0050,2025-01-29T07:36:00+00:00,H021,RADIOLOGY,XR Chest,COMPLETED
O0144,A0051,2025-03-15T07:30:00+00:00,H021,LABORATORY,Complete blood count,COMPLETED
O0145,A0051,2025-03-15T07:45:00+00:00,H021,LABORATORY,Basic metabolic panel,COMPLETED
O0146,A0051,2025-03-15T07:36:00+00:00,H021,RADIOLOGY,XR Hip,COMPLETED
O0147,A0052,2025-04-29T07:30:00+00:00,H021,LABORATORY,Complete blood count,COMPLETED
O0148,A0052,2025-04-29T07:45:00+00:00,H021,LABORATORY,Basic metabolic panel,COMPLETED
O0149,A0053,2025-01-31T07:30:00+00:00,H001,LABORATORY,Complete blood count,COMPLETED
O0150,A0053,2025-01-31T07:45:00+00:00,H001,LABORATORY,Basic metabolic panel,COMPLETED
O0151,A0053,2025-01-31T07:36:00+00:00,H001,RADIOLOGY,CT Abdomen and pelvis,COMPLETED
O0152,A0054,2025-03-17T07:30:00+00:00,H001,LABORATORY,Complete blood count,COMPLETED
O0153,A0054,2025-03-17T07:45:00+00:00,H001,LABORATORY,Basic metabolic panel,COMPLETED
O0154,A0054,2025-03-17T07:36:00+00:00,H001,RADIOLOGY,XR Chest,COMPLETED
O0155,A0055,2025-05-01T07:30:00+00:00,H001,LABORATORY,Complete blood count,COMPLETED
O0156,A0055,2025-05-01T07:45:00+00:00,H001,LABORATORY,Basic metabolic panel,COMPLETED
O0157,A0055,2025-05-01T07:36:00+00:00,H001,RADIOLOGY,CT Head,COMPLETED
O0158,A0056,2025-02-02T07:30:00+00:00,H011,LABORATORY,Complete blood count,COMPLETED
O0159,A0056,2025-02-02T07:45:00+00:00,H011,LABORATORY,Basic metabolic panel,COMPLETED
O0160,A0056,2025-02-02T07:36:00+00:00,H011,RADIOLOGY,US Upper abdomen,COMPLETED
O0161,A0057,2025-03-19T07:30:00+00:00,H011,LABORATORY,Complete blood count,COMPLETED
O0162,A0057,2025-03-19T07:45:00+00:00,H011,LABORATORY,Basic metabolic panel,COMPLETED
O0163,A0057,2025-03-19T07:36:00+00:00,H011,RADIOLOGY,XR Chest,COMPLETED
O0164,A0058,2025-02-04T07:30:00+00:00,H021,LABORATORY,Complete blood count,COMPLETED
O0165,A0058,2025-02-04T07:45:00+00:00,H021,LABORATORY,Basic metabolic panel,COMPLETED
O0166,A0058,2025-02-04T07:36:00+00:00,H021,RADIOLOGY,XR Hip,COMPLETED
O0167,A0059,2025-03-21T07:30:00+00:00,H021,LABORATORY,Complete blood count,COMPLETED
O0168,A0059,2025-03-21T07:45:00+00:00,H021,LABORATORY,Basic metabolic panel,COMPLETED
O0169,A0060,2025-02-06T07:30:00+00:00,H001,LABORATORY,Complete blood count,COMPLETED
O0170,A0060,2025-02-06T07:45:00+00:00,H001,LABORATORY,Basic metabolic panel,COMPLETED
O0171,A0060,2025-02-06T07:36:00+00:00,H001,RADIOLOGY,XR Chest,COMPLETED
O0172,A0061,2025-03-23T07:30:00+00:00,H001,LABORATORY,Complete blood count,COMPLETED
O0173,A0061,2025-03-23T07:45:00+00:00,H001,LABORATORY,Basic metabolic panel,COMPLETED
O0174,A0061,2025-03-23T07:36:00+00:00,H001,RADIOLOGY,CT Head,COMPLETED
O0175,A0062,2025-02-08T07:30:00+00:00,H011,LABORATORY,Complete blood count,COMPLETED
O0176,A0062,2025-02-08T07:45:00+00:00,H011,LABORATORY,Basic metabolic panel,COMPLETED
O0177,A0062,2025-02-08T07:36:00+00:00,H011,RADIOLOGY,XR Chest,COMPLETED
O0178,A0063,2025-03-25T07:30:00+00:00,H011,LABORATORY,Complete blood count,COMPLETED
O0179,A0063,2025-03-25T07:45:00+00:00,H011,LABORATORY,Basic metabolic panel,COMPLETED
O0180,A0064,2025-02-10T07:30:00+00:00,H021,LABORATORY,Complete blood count,COMPLETED
O0181,A0064,2025-02-10T07:45:00+00:00,H021,LABORATORY,Basic metabolic panel,COMPLETED
O0182,A0065,2025-03-27T07:30:00+00:00,H021,LABORATORY,Complete blood count,COMPLETED
O0183,A0065,2025-03-27T07:45:00+00:00,H021,LABORATORY,Basic metabolic panel,COMPLETED
O0184,A0065,2025-03-27T07:36:00+00:00,H021,RADIOLOGY,CT Abdomen and pelvis,COMPLETED
O0185,A0066,2025-02-12T07:30:00+00:00,H001,LABORATORY,Complete blood count,COMPLETED
O0186,A0066,2025-02-12T07:45:00+00:00,H001,LABORATORY,Basic metabolic panel,COMPLETED
O0187,A0066,2025-02-12T07:36:00+00:00,H001,RADIOLOGY,CT Head,COMPLETED
O0188,A0067,2025-03-29T07:30:00+00:00,H001,LABORATORY,Complete blood count,COMPLETED
O0189,A0067,2025-03-29T07:45:00+00:00,H001,LABORATORY,Basic metabolic panel,COMPLETED
O0190,A0067,2025-03-29T07:36:00+00:00,H001,RADIOLOGY,XR Chest,COMPLETED
O0191,A0068,2025-02-14T07:30:00+00:00,H011,LABORATORY,Complete blood count,COMPLETED
O0192,A0068,2025-02-14T07:45:00+00:00,H011,LABORATORY,Basic metabolic panel,COMPLETED
O0193,A0069,2025-03-31T07:30:00+00:00,H011,LABORATORY,Complete blood count,COMPLETED
O0194,A0069,2025-03-31T07:45:00+00:00,H011,LABORATORY,Basic metabolic panel,COMPLETED
O0195,A0069,2025-03-31T07:36:00+00:00,H011,RADIOLOGY,XR Chest,COMPLETED
O0196,A0070,2025-02-16T07:30:00+00:00,H021,LABORATORY,Complete blood count,COMPLETED
O0197,A0070,2025-02-16T07:45:00+00:00,H021,LABORATORY,Basic metabolic panel,COMPLETED
O0198,A0070,2025-02-16T07:36:00+00:00,H021,RADIOLOGY,CT Abdomen and pelvis,COMPLETED
O0199,A0071,2025-04-02T07:30:00+00:00,H021,LABORATORY,Complete blood count,COMPLETED
O0200,A0071,2025-04-02T07:45:00+00:00,H021,LABORATORY,Basic metabolic panel,COMPLETED
O0201,A0071,2025-04-02T07:36:00+00:00,H021,RADIOLOGY,XR Chest,COMPLETED
O0202,A0072,2025-02-18T07:30:00+00:00,H001,LABORATORY,Complete blood count,COMPLETED
O0203,A0072,2025-02-18T07:45:00+00:00,H001,LABORATORY,Basic metabolic panel,COMPLETED
O0204,A0072,2025-02-18T07:36:00+00:00,H001,RADIOLOGY,XR Chest,COMPLETED
O0205,A0073,2025-04-04T07:30:00+00:00,H001,LABORATORY,Complete blood count,COMPLETED
O0206,A0073,2025-04-04T07:45:00+00:00,H001,LABORATORY,Basic metabolic panel,COMPLETED
O0207,A0073,2025-04-04T07:36:00+00:00,H001,RADIOLOGY,CT Abdomen and pelvis,COMPLETED
O0208,A0074,2025-02-20T07:30:00+00:00,H011,LABORATORY,Complete blood count,COMPLETED
O0209,A0074,2025-02-20T07:45:00+00:00,H011,LABORATORY,Basic metabolic panel,COMPLETED
O0210,A0074,2025-02-20T07:36:00+00:00,H011,RADIOLOGY,XR Chest,COMPLETED
O0211,A0075,2025-04-06T07:30:00+00:00,H011,LABORATORY,Complete blood count,COMPLETED
O0212,A0075,2025-04-06T07:45:00+00:00,H011,LABORATORY,Basic metabolic panel,COMPLETED
O0213,A0075,2025-04-06T07:36:00+00:00,H011,RADIOLOGY,US Upper abdomen,COMPLETED
O0214,A0076,2025-02-22T07:30:00+00:00,H021,LABORATORY,Complete blood count,COMPLETED
O0215,A0076,2025-02-22T07:45:00+00:00,H021,LABORATORY,Basic metabolic panel,COMPLETED
O0216,A0076,2025-02-22T07:36:00+00:00,H021,RADIOLOGY,XR Chest,COMPLETED
O0217,A0077,2025-04-08T07:30:00+00:00,H021,LABORATORY,Complete blood count,COMPLETED
O0218,A0077,2025-04-08T07:45:00+00:00,H021,LABORATORY,Basic metabolic panel,COMPLETED
O0219,A0077,2025-04-08T07:36:00+00:00,H021,RADIOLOGY,XR Hip,COMPLETED
O0220,A0078,2025-02-24T07:30:00+00:00,H001,LABORATORY,Complete blood count,COMPLETED
O0221,A0078,2025-02-24T07:45:00+00:00,H001,LABORATORY,Basic metabolic panel,COMPLETED
O0222,A0078,2025-02-24T07:36:00+00:00,H001,RADIOLOGY,CT Abdomen and pelvis,COMPLETED
O0223,A0079,2025-04-10T07:30:00+00:00,H001,LABORATORY,Complete blood count,COMPLETED
O0224,A0079,2025-04-10T07:45:00+00:00,H001,LABORATORY,Basic metabolic panel,COMPLETED
O0225,A0079,2025-04-10T07:36:00+00:00,H001,RADIOLOGY,XR Chest,COMPLETED
O0226,A0080,2025-02-26T07:30:00+00:00,H011,LABORATORY,Complete blood count,COMPLETED
O0227,A0080,2025-02-26T07:45:00+00:00,H011,LABORATORY,Basic metabolic panel,COMPLETED
O0228,A0080,2025-02-26T07:36:00+00:00,H011,RADIOLOGY,US Upper abdomen,COMPLETED
O0229,A0081,2025-04-12T07:30:00+00:00,H011,LABORATORY,Complete blood count,COMPLETED
O0230,A0081,2025-04-12T07:45:00+00:00,H011,LABORATORY,Basic metabolic panel,COMPLETED
O0231,A0081,2025-04-12T07:36:00+00:00,H011,RADIOLOGY,XR Chest,COMPLETED
O0232,A0082,2025-02-28T07:30:00+00:00,H021,LABORATORY,Complete blood count,COMPLETED
O0233,A0082,2025-02-28T07:45:00+00:00,H021,LABORATORY,Basic metabolic panel,COMPLETED
O0234,A0082,2025-02-28T07:36:00+00:00,H021,RADIOLOGY,XR Hip,COMPLETED
O0235,A0083,2025-04-14T07:30:00+00:00,H021,LABORATORY,Complete blood count,COMPLETED
O0236,A0083,2025-04-14T07:45:00+00:00,H021,LABORATORY,Basic metabolic panel,COMPLETED
O0237,A0084,2025-03-02T07:30:00+00:00,H001,LABORATORY,Complete blood count,COMPLETED
O0238,A0084,2025-03-02T07:45:00+00:00,H001,LABORATORY,Basic metabolic panel,COMPLETED
O0239,A0084,2025-03-02T07:36:00+00:00,H001,RADIOLOGY,XR Chest,COMPLETED
O0240,A0085,2025-04-16T07:30:00+00:00,H001,LABORATORY,Complete blood count,COMPLETED
O0241,A0085,2025-04-16T07:45:00+00:00,H001,LABORATORY,Basic metabolic panel,COMPLETED
O0242,A0085,2025-04-16T07:36:00+00:00,H001,RADIOLOGY,CT Head,COMPLETED
O0243,A0086,2025-03-04T07:30:00+00:00,H011,LABORATORY,Complete blood count,COMPLETED
O0244,A0086,2025-03-04T07:45:00+00:00,H011,LABORATORY,Basic metabolic panel,COMPLETED
O0245,A0086,2025-03-04T07:36:00+00:00,H011,RADIOLOGY,XR Chest,COMPLETED
O0246,A0087,2025-04-18T07:30:00+00:00,H011,LABORATORY,Complete blood count,COMPLETED
O0247,A0087,2025-04-18T07:45:00+00:00,H011,LABORATORY,Basic metabolic panel,COMPLETED
O0248,A0088,2025-03-06T07:30:00+00:00,H021,LABORATORY,Complete blood count,COMPLETED
O0249,A0088,2025-03-06T07:45:00+00:00,H021,LABORATORY,Basic metabolic panel,COMPLETED
O0250,A0089,2025-04-20T07:30:00+00:00,H021,LABORATORY,Complete blood count,COMPLETED
O0251,A0089,2025-04-20T07:45:00+00:00,H021,LABORATORY,Basic metabolic panel,COMPLETED
O0252,A0089,2025-04-20T07:36:00+00:00,H021,RADIOLOGY,CT Abdomen and pelvis,COMPLETED
O0253,A0090,2025-03-08T07:30:00+00:00,H001,LABORATORY,Complete blood count,COMPLETED
O0254,A0090,2025-03-08T07:45:00+00:00,H001,LABORATORY,Basic metabolic panel,COMPLETED
O0255,A0090,2025-03-08T07:36:00+00:00,H001,RADIOLOGY,CT Head,COMPLETED
O0256,A0091,2025-04-22T07:30:00+00:00,H001,LABORATORY,Complete blood count,COMPLETED
O0257,A0091,2025-04-22T07:45:00+00:00,H001,LABORATORY,Basic metabolic panel,COMPLETED
O0258,A0091,2025-04-22T07:36:00+00:00,H001,RADIOLOGY,XR Chest,COMPLETED
O0259,A0092,2025-03-10T07:30:00+00:00,H011,LABORATORY,Complete blood count,COMPLETED
O0260,A0092,2025-03-10T07:45:00+00:00,H011,LABORATORY,Basic metabolic panel,COMPLETED
O0261,A0093,2025-04-24T07:30:00+00:00,H011,LABORATORY,Complete blood count,COMPLETED
O0262,A0093,2025-04-24T07:45:00+00:00,H011,LABORATORY,Basic metabolic panel,COMPLETED
O0263,A0093,2025-04-24T07:36:00+00:00,H011,RADIOLOGY,XR Chest,COMPLETED
O0264,A0094,2025-03-12T07:30:00+00:00,H021,LABORATORY,Complete blood count,COMPLETED
O0265,A0094,2025-03-12T07:45:00+00:00,H021,LABORATORY,Basic metabolic panel,COMPLETED
O0266,A0094,2025-03-12T07:36:00+00:00,H021,RADIOLOGY,CT Abdomen and pelvis,COMPLETED
O0267,A0095,2025-04-26T07:30:00+00:00,H021,LABORATORY,Complete blood count,COMPLETED
O0268,A0095,2025-04-26T07:45:00+00:00,H021,LABORATORY,Basic metabolic panel,COMPLETED
O0269,A0095,2025-04-26T07:36:00+00:00,H021,RADIOLOGY,XR Chest,COMPLETED
O0270,A0096,2025-03-14T07:30:00+00:00,H001,LABORATORY,Complete blood count,COMPLETED
O0271,A0096,2025-03-14T07:45:00+00:00,H001,LABORATORY,Basic metabolic panel,COMPLETED
O0272,A0096,2025-03-14T07:36:00+00:00,H001,RADIOLOGY,XR Chest,COMPLETED
O0273,A0097,2025-04-28T07:30:00+00:00,H001,LABORATORY,Complete blood count,COMPLETED
O0274,A0097,2025-04-28T07:45:00+00:00,H001,LABORATORY,Basic metabolic panel,COMPLETED
O0275,A0097,2025-04-28T07:36:00+00:00,H001,RADIOLOGY,CT Abdomen and pelvis,COMPLETED
O0276,A0098,2025-03-16T07:30:00+00:00,H011,LABORATORY,Complete blood count,COMPLETED
O0277,A0098,2025-03-16T07:45:00+00:00,H011,LABORATORY,Basic metabolic panel,COMPLETED
O0278,A0098,2025-03-16T07:36:00+00:00,H011,RADIOLOGY,XR Chest,COMPLETED
O0279,A0099,2025-04-30T07:30:00+00:00,H011,LABORATORY,Complete blood count,COMPLETED
O0280,A0099,2025-04-30T07:45:00+00:00,H011,LABORATORY,Basic metabolic panel,COMPLETED
O0281,A0099,2025-04-30T07:36:00+00:00,H011,RADIOLOGY,US Upper abdomen,COMPLETED
O0282,A0100,2025-03-18T07:30:00+00:00,H021,LABORATORY,Complete blood count,COMPLETED
O0283,A0100,2025-03-18T07:45:00+00:00,H021,LABORATORY,Basic metabolic panel,COMPLETED
O0284,A0100,2025-03-18T07:36:00+00:00,H021,RADIOLOGY,XR Chest,COMPLETED
O0285,A0101,2025-05-02T07:30:00+00:00,H021,LABORATORY,Complete blood count,COMPLETED
O0286,A0101,2025-05-02T07:45:00+00:00,H021,LABORATORY,Basic metabolic panel,COMPLETED
O0287,A0101,2025-05-02T07:36:00+00:00,H021,RADIOLOGY,XR Hip,COMPLETED
O0288,A0102,2025-03-20T07:30:00+00:00,H001,LABORATORY,Complete blood count,COMPLETED
O0289,A0102,2025-03-20T07:45:00+00:00,H001,LABORATORY,Basic metabolic panel,COMPLETED
O0290,A0102,2025-03-20T07:36:00+00:00,H001,RADIOLOGY,CT Abdomen and pelvis,COMPLETED
O0291,A0103,2025-05-04T07:30:00+00:00,H001,LABORATORY,Complete blood count,COMPLETED
O0292,A0103,2025-05-04T07:45:00+00:00,H001,LABORATORY,Basic metabolic panel,COMPLETED
O0293,A0103,2025-05-04T07:36:00+00:00,H001,RADIOLOGY,XR Chest,COMPLETED
O0294,A0104,2025-03-22T07:30:00+00:00,H011,LABORATORY,Complete blood count,COMPLETED
O0295,A0104,2025-03-22T07:45:00+00:00,H011,LABORATORY,Basic metabolic panel,COMPLETED
O0296,A0104,2025-03-22T07:36:00+00:00,H011,RADIOLOGY,US Upper abdomen,COMPLETED
O0297,A0105,2025-05-06T07:30:00+00:00,H011,LABORATORY,Complete blood count,COMPLETED
O0298,A0105,2025-05-06T07:45:00+00:00,H011,LABORATORY,Basic metabolic panel,COMPLETED
O0299,A0105,2025-05-06T07:36:00+00:00,H011,RADIOLOGY,XR Chest,COMPLETED
O0300,A0106,2025-03-24T07:30:00+00:00,H021,LABORATORY,Complete blood count,COMPLETED
O0301,A0106,2025-03-24T07:45:00+00:00,H021,LABORATORY,Basic metabolic panel,COMPLETED
O0302,A0106,2025-03-24T07:36:00+00:00,H021,RADIOLOGY,XR Hip,COMPLETED
O0303,A0107,2025-03-26T07:30:00+00:00,H001,LABORATORY,Complete blood count,COMPLETED
O0304,A0107,2025-03-26T07:45:00+00:00,H001,LABORATORY,Basic metabolic panel,COMPLETED
O0305,A0107,2025-03-26T07:36:00+00:00,H001,RADIOLOGY,XR Chest,COMPLETED
O0306,A0108,2025-03-28T07:30:00+00:00,H011,LABORATORY,Complete blood count,COMPLETED
O0307,A0108,2025-03-28T07:45:00+00:00,H011,LABORATORY,Basic metabolic panel,COMPLETED
O0308,A0108,2025-03-28T07:36:00+00:00,H011,RADIOLOGY,XR Chest,COMPLETED
O0309,A0109,2025-03-30T07:30:00+00:00,H021,LABORATORY,Complete blood count,COMPLETED
O0310,A0109,2025-03-30T07:45:00+00:00,H021,LABORATORY,Basic metabolic panel,COMPLETED
O0311,A0110,2025-04-01T07:30:00+00:00,H001,LABORATORY,Complete blood count,COMPLETED
O0312,A0110,2025-04-01T07:45:00+00:00,H001,LABORATORY,Basic metabolic panel,COMPLETED
O0313,A0110,2025-04-01T07:36:00+00:00,H001,RADIOLOGY,CT Head,COMPLETED
O0314,A0111,2025-04-03T07:30:00+00:00,H011,LABORATORY,Complete blood count,COMPLETED
O0315,A0111,2025-04-03T07:45:00+00:00,H011,LABORATORY,Basic metabolic panel,COMPLETED
O0316,A0112,2025-04-05T07:30:00+00:00,H021,LABORATORY,Complete blood count,COMPLETED
O0317,A0112,2025-04-05T07:45:00+00:00,H021,LABORATORY,Basic metabolic panel,COMPLETED
O0318,A0112,2025-04-05T07:36:00+00:00,H021,RADIOLOGY,CT Abdomen and pelvis,COMPLETED
O0319,A0113,2025-04-07T07:30:00+00:00,H001,LABORATORY,Complete blood count,COMPLETED
O0320,A0113,2025-04-07T07:45:00+00:00,H001,LABORATORY,Basic metabolic panel,COMPLETED
O0321,A0113,2025-04-07T07:36:00+00:00,H001,RADIOLOGY,XR Chest,COMPLETED
O0322,A0114,2025-04-09T07:30:00+00:00,H011,LABORATORY,Complete blood count,COMPLETED
O0323,A0114,2025-04-09T07:45:00+00:00,H011,LABORATORY,Basic metabolic panel,COMPLETED
O0324,A0114,2025-04-09T07:36:00+00:00,H011,RADIOLOGY,XR Chest,COMPLETED
O0325,A0115,2025-04-11T07:30:00+00:00,H021,LABORATORY,Complete blood count,COMPLETED
O0326,A0115,2025-04-11T07:45:00+00:00,H021,LABORATORY,Basic metabolic panel,COMPLETED
O0327,A0115,2025-04-11T07:36:00+00:00,H021,RADIOLOGY,XR Chest,COMPLETED
O0328,A0116,2025-04-13T07:30:00+00:00,H001,LABORATORY,Complete blood count,COMPLETED
O0329,A0116,2025-04-13T07:45:00+00:00,H001,LABORATORY,Basic metabolic panel,COMPLETED
O0330,A0116,2025-04-13T07:36:00+00:00,H001,RADIOLOGY,CT Abdomen and pelvis,COMPLETED
O0331,A0117,2025-04-15T07:30:00+00:00,H011,LABORATORY,Complete blood count,COMPLETED
O0332,A0117,2025-04-15T07:45:00+00:00,H011,LABORATORY,Basic metabolic panel,COMPLETED
O0333,A0117,2025-04-15T07:36:00+00:00,H011,RADIOLOGY,US Upper abdomen,COMPLETED
O0334,A0118,2025-04-17T07:30:00+00:00,H021,LABORATORY,Complete blood count,COMPLETED
O0335,A0118,2025-04-17T07:45:00+00:00,H021,LABORATORY,Basic metabolic panel,COMPLETED
O0336,A0118,2025-04-17T07:36:00+00:00,H021,RADIOLOGY,XR Hip,COMPLETED
O0337,A0119,2025-04-19T07:30:00+00:00,H001,LABORATORY,Complete blood count,COMPLETED
O0338,A0119,2025-04-19T07:45:00+00:00,H001,LABORATORY,Basic metabolic panel,COMPLETED
O0339,A0120,2025-04-21T07:30:00+00:00,H011,LABORATORY,Complete blood count,COMPLETED
O0340,A0120,2025-04-21T07:45:00+00:00,H011,LABORATORY,Basic metabolic panel,COMPLETED
