discharge_id,admission_id,discharge_timestamp,disposition,discharging_professional_id,condition_at_discharge
DC0001,A0001,2025-01-07T01:00:00+00:00,HOME,H012,IMPROVED
DC0002,A0002,2025-02-20T19:00:00+00:00,HOME,H012,IMPROVED
DC0003,A0003,2025-04-15T07:00:00+00:00,HOME,H013,IMPROVED
DC0004,A0004,2025-05-20T01:00:00+00:00,HOME,H012,IMPROVED
DC0005,A0005,2025-07-06T07:00:00+00:00,HOME,H012,IMPROVED
DC0006,A0006,2025-01-16T19:00:00+00:00,HOME,H023,IMPROVED
DC0007,A0007,2025-02-25T07:00:00+00:00,REHABILITATION,H022,IMPROVED
DC0008,A0008,2025-04-06T13:00:00+00:00,HOME,H022,IMPROVED
DC0009,A0009,2025-06-02T07:00:00+00:00,HOME,H022,IMPROVED
DC0010,A0010,2025-07-15T07:00:00+00:00,HOME,H023,IMPROVED
DC0011,A0011,2025-01-09T19:00:00+00:00,HOME,H002,IMPROVED
DC0012,A0012,2025-03-07T13:00:00+00:00,HOME,H003,IMPROVED
DC0013,A0013,2025-04-12T19:00:00+00:00,REHABILITATION,H002,IMPROVED
DC0014,A0014,2025-05-26T07:00:00+00:00,HOME,H002,IMPROVED
DC0015,A0015,2025-07-09T01:00:00+00:00,HOME,H002,IMPROVED
DC0016,A0016,2025-01-12T13:00:00+00:00,HOME,H012,IMPROVED
DC0017,A0017,2025-03-07T19:00:00+00:00,HOME,H013,IMPROVED
DC0018,A0018,2025-04-10T19:00:00+00:00,HOME,H012,IMPROVED
DC0019,A0019,2025-05-28T01:00:00+00:00,HOME,H012,IMPROVED
DC0020,A0020,2025-07-11T19:00:00+00:00,HOME,H012,IMPROVED
DC0021,A0021,2025-01-17T19:00:00+00:00,REHABILITATION,H022,IMPROVED
DC0022,A0022,2025-02-26T07:00:00+00:00,HOME,H022,IMPROVED
DC0023,A0023,2025-04-24T01:00:00+00:00,HOME,H022,IMPROVED
DC0024,A0024,2025-06-06T19:00:00+00:00,HOME,H023,IMPROVED
DC0025,A0025,2025-07-16T07:00:00+00:00,REHABILITATION,H022,IMPROVED
DC0026,A0026,2025-01-27T07:00:00+00:00,HOME,H003,IMPROVED
DC0027,A0027,2025-03-04T13:00:00+00:00,REHABILITATION,H002,IMPROVED
DC0028,A0028,2025-04-17T19:00:00+00:00,HOME,H002,IMPROVED
DC0029,A0029,2025-01-27T13:00:00+00:00,HOME,H013,IMPROVED
DC0030,A0030,2025-03-03T07:00:00+00:00,HOME,H012,IMPROVED
DC0031,A0031,2025-04-18T19:00:00+00:00,HOME,H012,IMPROVED
DC0032,A0032,2025-01-18T19:00:00+00:00,HOME,H022,IMPROVED
DC0033,A0033,2025-03-15T19:00:00+00:00,HOME,H022,IMPROVED
DC0034,A0034,2025-04-28T13:00:00+00:00,HOME,H023,IMPROVED
DC0035,A0035,2025-01-24T07:00:00+00:00,REHABILITATION,H002,IMPROVED
DC0036,A0036,2025-03-09T13:00:00+00:00,HOME,H002,IMPROVED
DC0037,A0037,2025-04-22T07:00:00+00:00,HOME,H002,IMPROVED
DC0038,A0038,2025-01-23T01:00:00+00:00,HOME,H012,IMPROVED
DC0039,A0039,2025-03-11T07:00:00+00:00,HOME,H012,IMPROVED
DC0040,A0040,2025-04-24T07:00:00+00:00,HOME,H012,IMPROVED
DC0041,A0041,2025-02-05T07:00:00+00:00,HOME,H022,IMPROVED
DC0042,A0042,2025-03-20T07:00:00+00:00,HOME,H023,IMPROVED
DC0043,A0043,2025-04-29T13:00:00+00:00,REHABILITATION,H022,IMPROVED
DC0044,A0044,2025-01-29T07:00:00+00:00,HOME,H002,IMPROVED
DC0045,A0045,2025-03-14T01:00:00+00:00,HOME,H002,IMPROVED
DC0046,A0046,2025-05-09T19:00:00+00:00,DECEASED,H003,DECEASED
DC0047,A0047,2025-01-31T01:00:00+00:00,HOME,H012,IMPROVED
DC0048,A0048,2025-03-16T19:00:00+00:00,HOME,H012,IMPROVED
DC0049,A0049,2025-05-09T07:00:00+00:00,HOME,H013,IMPROVED
DC0050,A0050,2025-02-09T19:00:00+00:00,HOME,H023,IMPROVED
DC0051,A0051,2025-03-21T07:00:00+00:00,REHABILITATION,H022,IMPROVED
DC0052,A0052,2025-04-30T13:00:00+00:00,HOME,H022,IMPROVED
DC0053,A0053,2025-02-02T19:00:00+00:00,HOME,H002,IMPROVED
DC0054,A0054,2025-03-31T13:00:00+00:00,HOME,H003,IMPROVED
DC0055,A0055,2025-05-06T19:00:00+00:00,REHABILITATION,H002,IMPROVED
DC0056,A0056,2025-02-05T13:00:00+00:00,HOME,H012,IMPROVED
DC0057,A0057,2025-03-31T19:00:00+00:00,HOME,H013,IMPROVED
DC0058,A0058,2025-02-10T19:00:00+00:00,REHABILITATION,H022,IMPROVED
DC0059,A0059,2025-03-22T07:00:00+00:00,HOME,H022,IMPROVED
DC0060,A0060,2025-02-20T07:00:00+00:00,HOME,H003,IMPROVED
DC0061,A0061,2025-03-28T13:00:00+00:00,REHABILITATION,H002,IMPROVED
DC0062,A0062,2025-02-20T13:00:00+00:00,HOME,H013,IMPROVED
DC0063,A0063,2025-03-27T07:00:00+00:00,HOME,H012,IMPROVED
DC0064,A0064,2025-02-11T19:00:00+00:00,HOME,H022,IMPROVED
DC0065,A0065,2025-04-08T19:00:00+00:00,HOME,H022,IMPROVED
DC0066,A0066,2025-02-17T07:00:00+00:00,REHABILITATION,H002,IMPROVED
DC0067,A0067,2025-04-02T13:00:00+00:00,HOME,H002,IMPROVED
DC0068,A0068,2025-02-16T01:00:00+00:00,HOME,H012,IMPROVED
DC0069,A0069,2025-04-04T07:00:00+00:00,HOME,H012,IMPROVED
DC0070,A0070,2025-03-01T07:00:00+00:00,HOME,H022,IMPROVED
DC0071,A0071,2025-04-13T07:00:00+00:00,HOME,H023,IMPROVED
DC0072,A0072,2025-02-22T07:00:00+00:00,HOME,H002,IMPROVED
DC0073,A0073,2025-04-07T01:00:00+00:00,HOME,H002,IMPROVED
DC0074,A0074,2025-02-24T01:00:00+00:00,HOME,H012,IMPROVED
DC0075,A0075,2025-04-09T19:00:00+00:00,HOME,H012,IMPROVED
DC0076,A0076,2025-03-05T19:00:00+00:00,HOME,H023,IMPROVED
DC0077,A0077,2025-04-14T07:00:00+00:00,REHABILITATION,H022,IMPROVED
DC0078,A0078,2025-02-26T19:00:00+00:00,HOME,H002,IMPROVED
DC0079,A0079,2025-04-24T13:00:00+00:00,HOME,H003,IMPROVED
DC0080,A0080,2025-03-01T13:00:00+00:00,HOME,H012,IMPROVED
DC0081,A0081,2025-04-24T19:00:00+00:00,HOME,H013,IMPROVED
DC0082,A0082,2025-03-06T19:00:00+00:00,REHABILITATION,H022,IMPROVED
DC0083,A0083,2025-04-15T07:00:00+00:00,HOME,H022,IMPROVED
DC0084,A0084,2025-03-16T07:00:00+00:00,HOME,H003,IMPROVED
DC0085,A0085,2025-04-21T13:00:00+00:00,REHABILITATION,H002,IMPROVED
DC0086,A0086,2025-03-16T13:00:00+00:00,HOME,H013,IMPROVED
DC0087,A0087,2025-04-20T07:00:00+00:00,HOME,H012,IMPROVED
DC0088,A0088,2025-03-07T19:00:00+00:00,HOME,H022,IMPROVED
DC0089,A0089,2025-05-02T19:00:00+00:00,HOME,H022,IMPROVED
DC0090,A0090,2025-03-13T07:00:00+00:00,REHABILITATION,H002,IMPROVED
DC0091,A0091,2025-05-04T13:00:00+00:00,DECEASED,H003,DECEASED
DC0092,A0092,2025-03-12T01:00:00+00:00,HOME,H012,IMPROVED
DC0093,A0093,2025-04-28T07:00:00+00:00,HOME,H012,IMPROVED
DC0094,A0094,2025-03-25T07:00:00+00:00,HOME,H022,IMPROVED
DC0095,A0095,2025-05-07T07:00:00+00:00,HOME,H023,IMPROVED
DC0096,A0096,2025-03-18T07:00:00+00:00,HOME,H002,IMPROVED
DC0097,A0097,2025-05-01T01:00:00+00:00,HOME,H002,IMPROVED
DC0098,A0098,2025-03-20T01:00:00+00:00,HOME,H012,IMPROVED
DC0099,A0099,2025-05-03T19:00:00+00:00,HOME,H012,IMPROVED
DC0100,A0100,2025-03-29T19:00:00+00:00,HOME,H023,IMPROVED
DC0101,A0101,2025-05-08T07:00:00+00:00,REHABILITATION,H022,IMPROVED
DC0102,A0102,2025-03-22T19:00:00+00:00,HOME,H002,IMPROVED
DC0103,A0103,2025-05-18T13:00:00+00:00,HOME,H003,IMPROVED
DC0104,A0104,2025-03-25T13:00:00+00:00,HOME,H012,IMPROVED
DC0105,A0105,2025-05-18T19:00:00+00:00,HOME,H013,IMPROVED
DC0106,A0106,2025-03-30T19:00:00+00:00,REHABILITATION,H022,IMPROVED
DC0107,A0107,2025-04-09T07:00:00+00:00,HOME,H003,IMPROVED
DC0108,A0108,2025-04-09T13:00:00+00:00,HOME,H013,IMPROVED
DC0109,A0109,2025-03-31T19:00:00+00:00,HOME,H022,IMPROVED
DC0110,A0110,2025-04-06T07:00:00+00:00,REHABILITATION,H002,IMPROVED
DC0111,A0111,2025-04-05T01:00:00+00:00,HOME,H012,IMPROVED
DC0112,A0112,2025-04-18T07:00:00+00:00,HOME,H022,IMPROVED
DC0113,A0113,2025-04-11T07:00:00+00:00,HOME,H002,IMPROVED
DC0114,A0114,2025-04-23T13:00:00+00:00,DECEASED,H013,DECEASED
DC0115,A0115,2025-04-22T19:00:00+00:00,HOME,H023,IMPROVED
DC0116,A0116,2025-04-15T19:00:00+00:00,HOME,H002,IMPROVED
DC0117,A0117,2025-04-18T13:00:00+00:00,HOME,H012,IMPROVED
DC0118,A0118,2025-04-23T19:00:00+00:00,REHABILITATION,H022,IMPROVED
DC0119,A0119,2025-04-20T07:00:00+00:00,HOME,H002,IMPROVED
DC0120,A0120,2025-04-23T01:00:00+00:00,HOME,H012,IMPROVED
