professional_id,display_name,role,specialty
H001,Aven Fictionstaff-01,PHYSICIAN,Emergency medicine
H002,Neri Fictionstaff-02,PHYSICIAN,Internal medicine
H003,Talin Fictionstaff-03,PHYSICIAN,Critical care
H004,Mira Fictionstaff-04,SURGEON,General surgery
H005,Oren Fictionstaff-05,SURGEON,Orthopedic surgery
H006,Lumi Fictionstaff-06,RADIOLOGIST,Diagnostic radiology
H007,Sora Fictionstaff-07,NURSE,Emergency nursing
H008,Evin Fictionstaff-08,NURSE,Inpatient nursing
H009,Runa Fictionstaff-09,TECHNOLOGIST,Laboratory medicine
H010,Zeli Fictionstaff-10,TECHNOLOGIST,Radiology
H011,Aven Fictionstaff-11,PHYSICIAN,Emergency medicine
H012,Neri Fictionstaff-12,PHYSICIAN,Internal medicine
H013,Talin Fictionstaff-13,PHYSICIAN,Critical care
H014,Mira Fictionstaff-14,SURGEON,General surgery
H015,Oren Fictionstaff-15,SURGEON,Orthopedic surgery
H016,Lumi Fictionstaff-16,RADIOLOGIST,Diagnostic radiology
H017,Sora Fictionstaff-17,NURSE,Emergency nursing
H018,Evin Fictionstaff-18,NURSE,Inpatient nursing
H019,Runa Fictionstaff-19,TECHNOLOGIST,Laboratory medicine
H020,Zeli Fictionstaff-20,TECHNOLOGIST,Radiology
H021,Aven Fictionstaff-21,PHYSICIAN,Emergency medicine
H022,Neri Fictionstaff-22,PHYSICIAN,Internal medicine
H023,Talin Fictionstaff-23,PHYSICIAN,Critical care
H024,Mira Fictionstaff-24,SURGEON,General surgery
H025,Oren Fictionstaff-25,SURGEON,Orthopedic surgery
