patient_id,given_name,family_name,date_of_birth,recorded_sex,deceased,death_timestamp
P001,Aven,Fablebrook-Synthetic,1957-02-26,F,false,
P002,Neri,Fablebrook-Synthetic,1946-12-08,M,false,
P003,Talin,Fablebrook-Synthetic,1980-04-21,X,false,
P004,Mira,Fablebrook-Synthetic,1959-08-04,F,false,
P005,Oren,Fablebrook-Synthetic,1944-10-06,M,false,
P006,Lumi,Fablebrook-Synthetic,1975-12-08,X,false,
P007,Sora,Fablebrook-Synthetic,1960-07-04,F,false,
P008,Evin,Fablebrook-Synthetic,1946-02-27,M,false,
P009,Runa,Fablebrook-Synthetic,1986-05-20,X,false,
P010,Zeli,Fablebrook-Synthetic,1950-03-19,F,false,
P011,Aven,Cloudmere-Synthetic,1972-09-26,M,false,
P012,Neri,Cloudmere-Synthetic,1958-02-21,X,true,2025-05-09T19:00:00+00:00
P013,Talin,Cloudmere-Synthetic,1955-02-27,F,false,
P014,Mira,Cloudmere-Synthetic,1949-07-23,M,false,
P015,Oren,Cloudmere-Synthetic,1947-03-22,X,false,
P016,Lumi,Cloudmere-Synthetic,1947-07-19,F,false,
P017,Sora,Cloudmere-Synthetic,1950-10-04,M,false,
P018,Evin,Cloudmere-Synthetic,1965-10-18,X,false,
P019,Runa,Cloudmere-Synthetic,1969-11-25,F,false,
P020,Zeli,Cloudmere-Synthetic,1981-09-07,M,false,
P021,Aven,Willowcrest-Synthetic,1959-11-06,X,false,
P022,Neri,Willowcrest-Synthetic,1989-10-06,F,false,
P023,Talin,Willowcrest-Synthetic,1996-04-04,M,false,
P024,Mira,Willowcrest-Synthetic,1967-07-23,X,false,
P025,Oren,Willowcrest-Synthetic,1985-03-01,F,false,
P026,Lumi,Willowcrest-Synthetic,1961-03-08,M,false,
P027,Sora,Willowcrest-Synthetic,1983-11-04,X,false,
P028,Evin,Willowcrest-Synthetic,1994-11-16,F,false,
P029,Runa,Willowcrest-Synthetic,1951-01-03,M,false,
P030,Zeli,Willowcrest-Synthetic,1983-04-15,X,false,
P031,Aven,Starfen-Synthetic,1948-01-26,F,false,
P032,Neri,Starfen-Synthetic,1962-07-08,M,false,
P033,Talin,Starfen-Synthetic,1962-08-23,X,true,2025-05-04T13:00:00+00:00
P034,Mira,Starfen-Synthetic,1998-03-03,F,false,
P035,Oren,Starfen-Synthetic,1970-05-23,M,false,
P036,Lumi,Starfen-Synthetic,1986-12-04,X,false,
P037,Sora,Starfen-Synthetic,1954-10-09,F,false,
P038,Evin,Starfen-Synthetic,1978-09-23,M,false,
P039,Runa,Starfen-Synthetic,1949-09-12,X,false,
P040,Zeli,Starfen-Synthetic,1960-04-28,F,false,
P041,Aven,Mossvale-Synthetic,1962-08-25,M,false,
P042,Neri,Mossvale-Synthetic,1963-11-06,X,false,
P043,Talin,Mossvale-Synthetic,1979-07-15,F,false,
P044,Mira,Mossvale-Synthetic,1965-12-25,M,false,
P045,Oren,Mossvale-Synthetic,1988-03-27,X,false,
P046,Lumi,Mossvale-Synthetic,1962-07-06,F,false,
P047,Sora,Mossvale-Synthetic,1977-02-02,M,false,
P048,Evin,Mossvale-Synthetic,1967-10-10,X,false,
P049,Runa,Mossvale-Synthetic,1945-04-13,F,true,2025-04-23T13:00:00+00:00
P050,Zeli,Mossvale-Synthetic,1964-10-01,M,false,
P051,Aven,Dawnridge-Synthetic,1969-05-15,X,false,
P052,Neri,Dawnridge-Synthetic,1982-11-11,F,false,
P053,Talin,Dawnridge-Synthetic,1945-09-23,M,false,
P054,Mira,Dawnridge-Synthetic,1965-10-20,X,false,
P055,Oren,Dawnridge-Synthetic,1990-05-03,F,false,
P056,Lumi,Dawnridge-Synthetic,1999-05-27,M,false,
P057,Sora,Dawnridge-Synthetic,1946-10-04,X,false,
P058,Evin,Dawnridge-Synthetic,1954-12-11,F,false,
P059,Runa,Dawnridge-Synthetic,1966-08-15,M,false,
P060,Zeli,Dawnridge-Synthetic,1948-03-04,X,false,
