radiology_id,admission_id,examination_id,modality,body_region,started_at,ended_at,performing_professional_id
R0001,A0001,EX0003,XR,Chest,2025-01-03T09:00:00+00:00,2025-01-03T09:18:00+00:00,H020
R0002,A0002,EX0006,US,Upper abdomen,2025-02-17T09:00:00+00:00,2025-02-17T09:18:00+00:00,H020
R0003,A0003,EX0009,XR,Chest,2025-04-03T09:00:00+00:00,2025-04-03T09:18:00+00:00,H020
R0004,A0005,EX0014,XR,Chest,2025-07-02T09:00:00+00:00,2025-07-02T09:18:00+00:00,H020
R0005,A0006,EX0017,XR,Chest,2025-01-05T09:00:00+00:00,2025-01-05T09:18:00+00:00,H010
R0006,A0007,EX0020,XR,Hip,2025-02-19T09:00:00+00:00,2025-02-19T09:18:00+00:00,H010
R0007,A0009,EX0025,CT,Abdomen and pelvis,2025-05-20T09:00:00+00:00,2025-05-20T09:18:00+00:00,H010
R0008,A0010,EX0028,XR,Chest,2025-07-04T09:00:00+00:00,2025-07-04T09:18:00+00:00,H010
R0009,A0011,EX0031,CT,Abdomen and pelvis,2025-01-07T09:00:00+00:00,2025-01-07T09:18:00+00:00,H020
R0010,A0012,EX0034,XR,Chest,2025-02-21T09:00:00+00:00,2025-02-21T09:18:00+00:00,H020
R0011,A0013,EX0037,CT,Head,2025-04-07T09:00:00+00:00,2025-04-07T09:18:00+00:00,H020
R0012,A0014,EX0040,XR,Chest,2025-05-22T09:00:00+00:00,2025-05-22T09:18:00+00:00,H020
R0013,A0015,EX0043,CT,Abdomen and pelvis,2025-07-06T09:00:00+00:00,2025-07-06T09:18:00+00:00,H020
R0014,A0016,EX0046,US,Upper abdomen,2025-01-09T09:00:00+00:00,2025-01-09T09:18:00+00:00,H010
R0015,A0017,EX0049,XR,Chest,2025-02-23T09:00:00+00:00,2025-02-23T09:18:00+00:00,H010
R0016,A0019,EX0054,XR,Chest,2025-05-24T09:00:00+00:00,2025-05-24T09:18:00+00:00,H010
R0017,A0020,EX0057,US,Upper abdomen,2025-07-08T09:00:00+00:00,2025-07-08T09:18:00+00:00,H010
R0018,A0021,EX0060,XR,Hip,2025-01-11T09:00:00+00:00,2025-01-11T09:18:00+00:00,H020
R0019,A0023,EX0065,CT,Abdomen and pelvis,2025-04-11T09:00:00+00:00,2025-04-11T09:18:00+00:00,H020
R0020,A0024,EX0068,XR,Chest,2025-05-26T09:00:00+00:00,2025-05-26T09:18:00+00:00,H020
R0021,A0025,EX0071,XR,Hip,2025-07-10T09:00:00+00:00,2025-07-10T09:18:00+00:00,H020
R0022,A0026,EX0074,XR,Chest,2025-01-13T09:00:00+00:00,2025-01-13T09:18:00+00:00,H010
R0023,A0027,EX0077,CT,Head,2025-02-27T09:00:00+00:00,2025-02-27T09:18:00+00:00,H010
R0024,A0028,EX0080,XR,Chest,2025-04-13T09:00:00+00:00,2025-04-13T09:18:00+00:00,H010
R0025,A0029,EX0083,XR,Chest,2025-01-15T09:00:00+00:00,2025-01-15T09:18:00+00:00,H020
R0026,A0031,EX0088,XR,Chest,2025-04-15T09:00:00+00:00,2025-04-15T09:18:00+00:00,H020
R0027,A0033,EX0093,CT,Abdomen and pelvis,2025-03-03T09:00:00+00:00,2025-03-03T09:18:00+00:00,H010
R0028,A0034,EX0096,XR,Chest,2025-04-17T09:00:00+00:00,2025-04-17T09:18:00+00:00,H010
R0029,A0035,EX0099,CT,Head,2025-01-19T09:00:00+00:00,2025-01-19T09:18:00+00:00,H020
R0030,A0036,EX0102,XR,Chest,2025-03-05T09:00:00+00:00,2025-03-05T09:18:00+00:00,H020
R0031,A0037,EX0105,CT,Abdomen and pelvis,2025-04-19T09:00:00+00:00,2025-04-19T09:18:00+00:00,H020
R0032,A0039,EX0110,XR,Chest,2025-03-07T09:00:00+00:00,2025-03-07T09:18:00+00:00,H010
R0033,A0040,EX0113,US,Upper abdomen,2025-04-21T09:00:00+00:00,2025-04-21T09:18:00+00:00,H010
R0034,A0041,EX0116,CT,Abdomen and pelvis,2025-01-23T09:00:00+00:00,2025-01-23T09:18:00+00:00,H020
R0035,A0042,EX0119,XR,Chest,2025-03-09T09:00:00+00:00,2025-03-09T09:18:00+00:00,H020
R0036,A0043,EX0122,XR,Hip,2025-04-23T09:00:00+00:00,2025-04-23T09:18:00+00:00,H020
R0037,A0044,EX0125,XR,Chest,2025-01-25T09:00:00+00:00,2025-01-25T09:18:00+00:00,H010
R0038,A0045,EX0128,CT,Abdomen and pelvis,2025-03-11T09:00:00+00:00,2025-03-11T09:18:00+00:00,H010
R0039,A0046,EX0131,XR,Chest,2025-04-25T09:00:00+00:00,2025-04-25T09:18:00+00:00,H010
R0040,A0047,EX0134,XR,Chest,2025-01-27T09:00:00+00:00,2025-01-27T09:18:00+00:00,H020
R0041,A0048,EX0137,US,Upper abdomen,2025-03-13T09:00:00+00:00,2025-03-13T09:18:00+00:00,H020
R0042,A0049,EX0140,XR,Chest,2025-04-27T09:00:00+00:00,2025-04-27T09:18:00+00:00,H020
R0043,A0050,EX0143,XR,Chest,2025-01-29T09:00:00+00:00,2025-01-29T09:18:00+00:00,H010
R0044,A0051,EX0146,XR,Hip,2025-03-15T09:00:00+00:00,2025-03-15T09:18:00+00:00,H010
R0045,A0053,EX0151,CT,Abdomen and pelvis,2025-01-31T09:00:00+00:00,2025-01-31T09:18:00+00:00,H020
R0046,A0054,EX0154,XR,Chest,2025-03-17T09:00:00+00:00,2025-03-17T09:18:00+00:00,H020
R0047,A0055,EX0157,CT,Head,2025-05-01T09:00:00+00:00,2025-05-01T09:18:00+00:00,H020
R0048,A0056,EX0160,US,Upper abdomen,2025-02-02T09:00:00+00:00,2025-02-02T09:18:00+00:00,H010
R0049,A0057,EX0163,XR,Chest,2025-03-19T09:00:00+00:00,2025-03-19T09:18:00+00:00,H010
R0050,A0058,EX0166,XR,Hip,2025-02-04T09:00:00+00:00,2025-02-04T09:18:00+00:00,H020
R0051,A0060,EX0171,XR,Chest,2025-02-06T09:00:00+00:00,2025-02-06T09:18:00+00:00,H010
R0052,A0061,EX0174,CT,Head,2025-03-23T09:00:00+00:00,2025-03-23T09:18:00+00:00,H010
R0053,A0062,EX0177,XR,Chest,2025-02-08T09:00:00+00:00,2025-02-08T09:18:00+00:00,H020
R0054,A0065,EX0184,CT,Abdomen and pelvis,2025-03-27T09:00:00+00:00,2025-03-27T09:18:00+00:00,H010
R0055,A0066,EX0187,CT,Head,2025-02-12T09:00:00+00:00,2025-02-12T09:18:00+00:00,H020
R0056,A0067,EX0190,XR,Chest,2025-03-29T09:00:00+00:00,2025-03-29T09:18:00+00:00,H020
R0057,A0069,EX0195,XR,Chest,2025-03-31T09:00:00+00:00,2025-03-31T09:18:00+00:00,H010
R0058,A0070,EX0198,CT,Abdomen and pelvis,2025-02-16T09:00:00+00:00,2025-02-16T09:18:00+00:00,H020
R0059,A0071,EX0201,XR,Chest,2025-04-02T09:00:00+00:00,2025-04-02T09:18:00+00:00,H020
R0060,A0072,EX0204,XR,Chest,2025-02-18T09:00:00+00:00,2025-02-18T09:18:00+00:00,H010
R0061,A0073,EX0207,CT,Abdomen and pelvis,2025-04-04T09:00:00+00:00,2025-04-04T09:18:00+00:00,H010
R0062,A0074,EX0210,XR,Chest,2025-02-20T09:00:00+00:00,2025-02-20T09:18:00+00:00,H020
R0063,A0075,EX0213,US,Upper abdomen,2025-04-06T09:00:00+00:00,2025-04-06T09:18:00+00:00,H020
R0064,A0076,EX0216,XR,Chest,2025-02-22T09:00:00+00:00,2025-02-22T09:18:00+00:00,H010
R0065,A0077,EX0219,XR,Hip,2025-04-08T09:00:00+00:00,2025-04-08T09:18:00+00:00,H010
R0066,A0078,EX0222,CT,Abdomen and pelvis,2025-02-24T09:00:00+00:00,2025-02-24T09:18:00+00:00,H020
R0067,A0079,EX0225,XR,Chest,2025-04-10T09:00:00+00:00,2025-04-10T09:18:00+00:00,H020
R0068,A0080,EX0228,US,Upper abdomen,2025-02-26T09:00:00+00:00,2025-02-26T09:18:00+00:00,H010
R0069,A0081,EX0231,XR,Chest,2025-04-12T09:00:00+00:00,2025-04-12T09:18:00+00:00,H010
R0070,A0082,EX0234,XR,Hip,2025-02-28T09:00:00+00:00,2025-02-28T09:18:00+00:00,H020
R0071,A0084,EX0239,XR,Chest,2025-03-02T09:00:00+00:00,2025-03-02T09:18:00+00:00,H010
R0072,A0085,EX0242,CT,Head,2025-04-16T09:00:00+00:00,2025-04-16T09:18:00+00:00,H010
R0073,A0086,EX0245,XR,Chest,2025-03-04T09:00:00+00:00,2025-03-04T09:18:00+00:00,H020
R0074,A0089,EX0252,CT,Abdomen and pelvis,2025-04-20T09:00:00+00:00,2025-04-20T09:18:00+00:00,H010
R0075,A0090,EX0255,CT,Head,2025-03-08T09:00:00+00:00,2025-03-08T09:18:00+00:00,H020
R0076,A0091,EX0258,XR,Chest,2025-04-22T09:00:00+00:00,2025-04-22T09:18:00+00:00,H020
R0077,A0093,EX0263,XR,Chest,2025-04-24T09:00:00+00:00,2025-04-24T09:18:00+00:00,H010
R0078,A0094,EX0266,CT,Abdomen and pelvis,2025-03-12T09:00:00+00:00,2025-03-12T09:18:00+00:00,H020
R0079,A0095,EX0269,XR,Chest,2025-04-26T09:00:00+00:00,2025-04-26T09:18:00+00:00,H020
R0080,A0096,EX0272,XR,Chest,2025-03-14T09:00:00+00:00,2025-03-14T09:18:00+00:00,H010
R0081,A0097,EX0275,CT,Abdomen and pelvis,2025-04-28T09:00:00+00:00,2025-04-28T09:18:00+00:00,H010
R0082,A0098,EX0278,XR,Chest,2025-03-16T09:00:00+00:00,2025-03-16T09:18:00+00:00,H020
R0083,A0099,EX0281,US,Upper abdomen,2025-04-30T09:00:00+00:00,2025-04-30T09:18:00+00:00,H020
R0084,A0100,EX0284,XR,Chest,2025-03-18T09:00:00+00:00,2025-03-18T09:18:00+00:00,H010
R0085,A0101,EX0287,XR,Hip,2025-05-02T09:00:00+00:00,2025-05-02T09:18:00+00:00,H010
R0086,A0102,EX0290,CT,Abdomen and pelvis,2025-03-20T09:00:00+00:00,2025-03-20T09:18:00+00:00,H020
R0087,A0103,EX0293,XR,Chest,2025-05-04T09:00:00+00:00,2025-05-04T09:18:00+00:00,H020
R0088,A0104,EX0296,US,Upper abdomen,2025-03-22T09:00:00+00:00,2025-03-22T09:18:00+00:00,H010
R0089,A0105,EX0299,XR,Chest,2025-05-06T09:00:00+00:00,2025-05-06T09:18:00+00:00,H010
R0090,A0106,EX0302,XR,Hip,2025-03-24T09:00:00+00:00,2025-03-24T09:18:00+00:00,H020
R0091,A0107,EX0305,XR,Chest,2025-03-26T09:00:00+00:00,2025-03-26T09:18:00+00:00,H010
R0092,A0108,EX0308,XR,Chest,2025-03-28T09:00:00+00:00,2025-03-28T09:18:00+00:00,H020
R0093,A0110,EX0313,CT,Head,2025-04-01T09:00:00+00:00,2025-04-01T09:18:00+00:00,H020
R0094,A0112,EX0318,CT,Abdomen and pelvis,2025-04-05T09:00:00+00:00,2025-04-05T09:18:00+00:00,H020
R0095,A0113,EX0321,XR,Chest,2025-04-07T09:00:00+00:00,2025-04-07T09:18:00+00:00,H010
R0096,A0114,EX0324,XR,Chest,2025-04-09T09:00:00+00:00,2025-04-09T09:18:00+00:00,H020
R0097,A0115,EX0327,XR,Chest,2025-04-11T09:00:00+00:00,2025-04-11T09:18:00+00:00,H010
R0098,A0116,EX0330,CT,Abdomen and pelvis,2025-04-13T09:00:00+00:00,2025-04-13T09:18:00+00:00,H020
R0099,A0117,EX0333,US,Upper abdomen,2025-04-15T09:00:00+00:00,2025-04-15T09:18:00+00:00,H010
R0100,A0118,EX0336,XR,Hip,2025-04-17T09:00:00+00:00,2025-04-17T09:18:00+00:00,H020
